exercise_name_es,artifact,type,parent_exercise,tag,dose,name_en,name_pt,cue_es,cue_en,cue_pt
Plancha lateral con rodillas apoyadas,core,variant,Plancha lateral,,,Kneeling Side Plank,Prancha lateral com joelhos apoiados,"De costado, antebrazo bajo el hombro, rodillas flexionadas y apoyadas. Cuerpo en línea de hombros a rodillas. Empuja la cadera de abajo hacia el techo. Misma línea de tronco, menos palanca.","On your side, forearm under the shoulder, knees bent and down. Body in a line from shoulders to knees. Drive the bottom hip toward the ceiling. Same trunk line, shorter lever.","De lado, antebraço sob o ombro, joelhos dobrados e apoiados. Corpo em linha dos ombros aos joelhos. Empurre o quadril de baixo para o teto. Mesma linha de tronco, menos alavanca."
Perro boca abajo sostenido,core,variant,Plancha alta a perro boca abajo,,,Held Downward Dog,Cachorro olhando para baixo sustentado,"Manos y pies en el piso, cadera alta, talones buscando el suelo. Quédate ahí todo el bloque pedaleando suave con los talones. Espalda larga; si los isquios tiran, flexiona un poco las rodillas.","Hands and feet on the floor, hips high, heels reaching down. Stay there the whole block, gently pedaling the heels. Long spine; if the hamstrings pull, soften the knees.","Mãos e pés no chão, quadril alto, calcanhares buscando o chão. Fique ali o bloco inteiro pedalando leve com os calcanhares. Costas longas; se os posteriores puxarem, dobre um pouco os joelhos."
Cuádriceps de pie,core,variant,Couch stretch,,,Standing Quad Stretch,Alongamento de quadríceps em pé,"De pie, talón al glúteo, rodillas juntas y pelvis metida. Sujeta el tobillo, no el pie. Si la lumbar se arquea, afloja el rango. Es la versión de pie cuando el piso no es opción.","Stand, heel to glute, knees together, pelvis tucked. Hold the ankle, not the foot. If the low back arches, ease off. This is the standing version when the floor isn't an option.","Em pé, calcanhar no glúteo, joelhos juntos e pelve encaixada. Segure o tornozelo, não o pé. Se a lombar arquear, solte a amplitude. É a versão em pé quando o chão não é opção."
Bird dog isométrico,core,variant,Bird dog,,,Isometric Bird Dog,Bird dog isométrico,"En cuadrupedia, extiende brazo y pierna contrarios hasta la línea del tronco y quédate ahí todo el bloque. Cadera cuadrada, lumbar quieta. Imagina un vaso de agua sobre la lumbar.","On all fours, reach opposite arm and leg in line with the torso and hold the whole block. Hips square, low back quiet. Picture a glass of water on your low back.","Em quatro apoios, estenda braço e perna opostos até a linha do tronco e fique ali o bloco inteiro. Quadril alinhado, lombar quieta. Imagine um copo d'água na lombar."
Elevación de talones,activacion,main,,Sin equipo,,Calf Raises,Elevação de panturrilha,"De pie, sube lento hasta la punta del pie y baja más lento todavía. La bajada es el ejercicio. No rebotes arriba ni abajo.","Stand, rise slowly onto the balls of the feet and lower even slower. The lowering is the exercise. Don't bounce at the top or the bottom.","Em pé, suba devagar até a ponta do pé e desça ainda mais devagar. A descida é o exercício. Não quique em cima nem embaixo."
Bird dog codo-rodilla,core,variant,Bird dog,,,Bird Dog with Elbow-to-Knee,Bird dog cotovelo-joelho,"En cuadrupedia, extiende brazo y pierna contrarios. Entre repeticiones, junta codo y rodilla debajo del cuerpo antes de volver a extender. La lumbar no se mueve en el cierre ni en la apertura.","On all fours, reach opposite arm and leg. Between reps, bring elbow and knee together under the body before reaching again. The low back doesn't move on the close or the open.","Em quatro apoios, estenda braço e perna opostos. Entre as repetições, junte cotovelo e joelho sob o corpo antes de estender de novo. A lombar não se mexe no fecha nem no abre."
Zancada baja con rotación,core,variant,El mejor estiramiento del mundo,,,Kneeling Lunge with Rotation,Passada baixa com rotação,"Zancada con la rodilla de atrás apoyada, mano de adentro al piso junto al pie. Rota el tronco y abre el brazo de arriba hacia el techo, siguiendo la mano con la mirada.","Kneeling lunge, back knee down, inside hand on the floor by the front foot. Rotate the torso and open the top arm to the ceiling, following the hand with your eyes.","Passada com o joelho de trás apoiado, mão de dentro no chão ao lado do pé. Gire o tronco e abra o braço de cima para o teto, acompanhando a mão com o olhar."
90-90 sostenido,core,variant,Barridos 90-90 de cadera,,,Held 90/90,90-90 sustentado,"Sentado, una pierna a 90° adelante y la otra a 90° al costado. Quédate de un lado, pecho alto, inclinándote suave hacia adelante desde la cadera. No redondees la lumbar para llegar más lejos.","Sit with one leg at 90° in front and the other at 90° to the side. Stay on one side, chest tall, hinging gently forward from the hip. Don't round the low back to get lower.","Sentado, uma perna a 90° à frente e a outra a 90° ao lado. Fique de um lado, peito alto, inclinando leve para frente a partir do quadril. Não arredonde a lombar para chegar mais longe."
Plancha alta isométrica,core,variant,Plancha alta con toque de hombro,,,High Plank Hold,Prancha alta isométrica,"Plancha alta, manos bajo los hombros. Empuja el piso, espalda ancha, pelvis metida. Sostén sin movimiento. Si la lumbar se hunde, apoya las rodillas.","High plank, hands under the shoulders. Push the floor away, broad back, pelvis tucked. Hold still. If the low back sags, drop the knees.","Prancha alta, mãos sob os ombros. Empurre o chão, costas largas, pelve encaixada. Sustente sem movimento. Se a lombar afundar, apoie os joelhos."
Gato-camello sentado,core,variant,Gato-camello,,,Seated Cat-Cow,Gato-camelo sentado,"Sentado al borde de una silla o de la cama, manos en las rodillas. Exhala redondeando la espalda, inhala arqueándola. Muévete desde la pelvis, vértebra por vértebra.","Sit on the edge of a chair or bed, hands on the knees. Exhale as you round, inhale as you arch. Start from the pelvis, one vertebra at a time.","Sentado na beira de uma cadeira ou da cama, mãos nos joelhos. Expire arredondando as costas, inspire arqueando. O movimento começa na pelve, vértebra por vértebra."
Plancha alta a rodillas,core,variant,Plancha alta a perro boca abajo,,,High Plank to Knees,Prancha alta aos joelhos,"Desde la plancha alta, baja las rodillas al piso y vuelve a extender. Pelvis metida en ambos puntos. Úsala si el hombro molesta en el perro boca abajo.","From high plank, drop the knees to the floor and extend back up. Pelvis tucked at both ends. Use this if the shoulder bothers you in downward dog.","Da prancha alta, desça os joelhos ao chão e volte a estender. Pelve encaixada nos dois pontos. Use se o ombro incomodar no cachorro olhando para baixo."
Postura del niño sostenida,core,variant,Postura del niño a cobra,,,Held Child's Pose,Postura da criança sustentada,"Sentado sobre los talones, brazos largos adelante, frente al piso. Sin flujo: solo respira hacia la espalda baja y deja que la cadera baje un poco más con cada exhalación.","Sit back on the heels, arms long in front, forehead down. No flow: just breathe into the low back and let the hips sink a little further on each exhale.","Sentado sobre os calcanhares, braços longos à frente, testa no chão. Sem fluxo: só respire na direção da lombar e deixe o quadril descer um pouco mais a cada expiração."
Plancha con rodillas apoyadas,core,variant,Plancha alta con toque de hombro,,,Kneeling Plank Shoulder Taps,Prancha com joelhos apoiados,"Plancha con las rodillas en el piso, pies despegados. Toca el hombro contrario con una mano y vuelve. La cadera no se mueve. Es la regresión correcta, no una versión menor.","Plank on the knees, feet off the floor. Tap the opposite shoulder and return. Hips don't move. This is the proper regression, not a lesser version.","Prancha com os joelhos no chão, pés descolados. Toque o ombro contrário com uma mão e volte. O quadril não se mexe. É a regressão correta, não uma versão menor."
Zancada con manos en el piso,core,variant,El mejor estiramiento del mundo,,,Lunge with Hands on the Floor,Passada com mãos no chão,"Zancada profunda, las dos manos al piso por dentro del pie de adelante. Sin rotación: deja caer la cadera y respira. Pecho alto, rodilla de atrás suave.","Long lunge, both hands on the floor inside the front foot. No rotation: let the hip sink and breathe. Chest tall, back knee soft.","Passada profunda, as duas mãos no chão por dentro do pé da frente. Sem rotação: deixe o quadril descer e respire. Peito alto, joelho de trás suave."
Figura 4 sentado,core,variant,Paloma (pigeon),,,Seated Figure-4,Figura 4 sentado,"Sentado al borde de una silla o de la cama, tobillo sobre la rodilla contraria. Inclínate suave hacia adelante desde la cadera, espalda larga. Empieza por el lado más rígido.","Sit on the edge of a chair or bed, ankle over the opposite knee. Hinge gently forward from the hip, long spine. Start on the tighter side.","Sentado na beira de uma cadeira ou da cama, tornozelo sobre o joelho contrário. Incline leve para frente a partir do quadril, costas longas. Comece pelo lado mais rígido."
Mariposa sentado,core,variant,Barridos 90-90 de cadera,,,Seated Butterfly,Borboleta sentado,"Plantas de los pies juntas, rodillas hacia afuera. Inclínate suave hacia adelante desde la cadera, espalda larga. No redondees para llegar más abajo.","Soles of the feet together, knees out. Hinge gently forward from the hip, long spine. Don't round to get lower.","Plantas dos pés juntas, joelhos para fora. Incline leve para frente a partir do quadril, costas longas. Não arredonde para chegar mais baixo."
Zancada baja con glúteo activo,core,variant,Couch stretch,,,Half-Kneeling Hip Flexor with Glute Squeeze,Passada baixa com glúteo ativo,"Zancada baja, rodilla de atrás en el piso, pie de adelante plano. Mete la pelvis, aprieta el glúteo de atrás y recién ahí avanza la cadera. Sin ese apriete estiras la lumbar, no el psoas.","Half-kneeling, back knee down, front foot flat. Tuck the pelvis, squeeze the rear glute, then shift the hip forward. Without that squeeze you stretch the low back, not the psoas.","Passada baixa, joelho de trás no chão, pé da frente apoiado. Encaixe a pelve, aperte o glúteo de trás e só então avance o quadril. Sem esse aperto você alonga a lombar, não o psoas."
Cobra sostenida,core,variant,Postura del niño a cobra,,,Held Cobra,Cobra sustentada,"Boca abajo, manos bajo los hombros, pecho arriba y cadera en el piso. Hombros lejos de las orejas. Si la lumbar aprieta, baja un poco el pecho o adelanta las manos.","Lie face down, hands under the shoulders, chest up, hips on the floor. Shoulders away from the ears. If the low back gripes, lower the chest or walk the hands forward.","De bruços, mãos sob os ombros, peito alto e quadril no chão. Ombros longe das orelhas. Se a lombar apertar, desça um pouco o peito ou avance as mãos."
Crunch corto,core,variant,Toques de talón (pingüinos),,,Short-Range Crunch,Abdominal curto,"Boca arriba, manos detrás de la cabeza sin tirar del cuello. Despega solo los omóplatos y quédate en ese rango corto, con tensión constante. No subas hasta sentarte.","On your back, hands behind the head without pulling on the neck. Lift only the shoulder blades and stay in that short range, tension on the whole time. Don't sit all the way up.","De barriga para cima, mãos atrás da cabeça sem puxar o pescoço. Descole só as omoplatas e fique nessa amplitude curta, com tensão constante. Não suba até sentar."
Descenso de piernas,core,variant,Dead bug,,,Single-Leg Lowers,Descida de pernas,"Boca arriba, piernas a 90°, brazos quietos. Baja una pierna por vez hasta rozar el piso con el talón y vuelve. La lumbar no se despega: si se levanta, no bajes tanto.","On your back, knees at 90°, arms still. Lower one leg at a time until the heel skims the floor, then return. Low back stays down: if it peels up, don't lower as far.","De barriga para cima, pernas a 90°, braços quietos. Desça uma perna por vez até o calcanhar roçar o chão e volte. A lombar não descola: se levantar, desça menos."
Almeja con minibanda,recuperacion,variant,Almeja lenta,Minibanda,,Banded Clamshell,Concha com miniband,"De costado, banda por encima de las rodillas, talones juntos. Abre la rodilla de arriba sin que la cadera se caiga hacia atrás. La bajada tan lenta como la subida.","On your side, band above the knees, heels together. Open the top knee without letting the hip roll back. Lower as slowly as you lift.","De lado, faixa acima dos joelhos, calcanhares juntos. Abra o joelho de cima sem o quadril cair para trás. A descida tão lenta quanto a subida."
Círculos de tobillo + elevación con banda,activacion,main,,Minibanda,,Ankle Circles + Banded Calf Raise,Círculos de tornozelo + elevação com faixa,"Círculos de tobillo primero, en las dos direcciones. Después, banda en los tobillos: sube a puntas contra la banda y baja lento y completo.","Ankle circles first, both directions. Then band around the ankles: rise onto the toes against the band and lower slow and all the way.","Círculos de tornozelo primeiro, nos dois sentidos. Depois, faixa nos tornozelos: suba nas pontas contra a faixa e desça lento e completo."
Marcha con rodilla alta,activacion,main,,Sin equipo,,High-Knee March,Marcha com joelho alto,"Marcha en el lugar, rodilla arriba, pie de apoyo activo, tronco erguido. No te balancees hacia atrás para levantar más: esa es la trampa.","March in place, knee up, stance foot active, torso tall. Don't lean back to lift the knee higher — that's the cheat.","Marcha no lugar, joelho alto, pé de apoio ativo, tronco ereto. Não jogue o tronco para trás para levantar mais: essa é a trapaça."
Caminata lateral con minibanda,recuperacion,variant,Caminata lateral en media sentadilla,Minibanda,,Banded Lateral Walk,Caminhada lateral com miniband,"Media sentadilla, banda en los tobillos o por encima de las rodillas. Camina de lado con pasos parejos, sin que el pie de atrás se arrastre. Rodillas hacia afuera y cadera a la misma altura.","Half squat, band at the ankles or above the knees. Side-step with even strides, back foot not dragging. Knees pressing out, hips level.","Meio agachamento, faixa nos tornozelos ou acima dos joelhos. Ande de lado com passos iguais, sem o pé de trás arrastar. Joelhos empurrando para fora e quadril na mesma altura."
Bicicleta lenta,core,variant,Toques de talón (pingüinos),,,Slow Bicycle Crunch,Bicicleta lenta,"Boca arriba, omóplatos despegados. Codo hacia la rodilla contraria mientras la otra pierna se extiende sin tocar el piso. Lento, con rotación real del tronco, no un vaivén de codo.","On your back, shoulder blades off the floor. Elbow toward the opposite knee as the other leg extends without touching down. Slow, with real trunk rotation, not just an elbow swing.","De barriga para cima, omoplatas descoladas. Cotovelo em direção ao joelho contrário enquanto a outra perna estende sem tocar o chão. Devagar, com rotação de verdade do tronco, não um vai-e-vem de cotovelo."
Elevación de talones excéntrica,recuperacion,main,,Sin equipo,60s,Eccentric Calf Raise,Elevação de panturrilha excêntrica,Sube a puntas con las dos piernas y baja con una sola en tres segundos. La bajada es el ejercicio. Alterna la pierna que baja. No rebotes abajo.,Rise onto the toes with both legs and lower on one in three seconds. The lowering is the exercise. Alternate which leg lowers. Don't bounce at the bottom.,Suba nas pontas com as duas pernas e desça com uma só em três segundos. A descida é o exercício. Alterne a perna que desce. Não quique embaixo.
Prensa a una pierna,rodillas,main,,Prensa,3×10 por pierna,Single-Leg Leg Press,Leg press unilateral,"Un pie en la plataforma, alto y levemente hacia afuera, para cargar glúteo y vasto interno. Controla la bajada; no rebotes abajo. La rodilla viaja en la línea del segundo dedo.","One foot on the platform, high and slightly turned out, so glute and VMO take the load. Control the lower; don't bounce at the bottom. Knee tracks over the second toe.","Um pé na plataforma, alto e levemente para fora, para carregar glúteo e vasto medial. Controle a descida; não quique embaixo. O joelho viaja na linha do segundo dedo."
Skip A lento,activacion,main,,Sin equipo,,Slow A-Skip,Skip A lento,"Rodilla a la altura de la cadera, pie de apoyo firme, brazos de carrera. Postura alta y contacto corto. Es técnica, no cardio: si te desarmas, achica el ritmo.","Knee to hip height, stance foot firm, running arms. Tall posture, short contact. This is technique, not cardio: if the shape falls apart, slow down.","Joelho na altura do quadril, pé de apoio firme, braços de corrida. Postura alta e contato curto. É técnica, não cardio: se desmontar, diminua o ritmo."
Elevación lateral con banda,activacion,main,,Minibanda,,Banded Side Leg Raise,Elevação lateral com faixa,"De pie, banda en los tobillos. Sube la pierna al lateral con el pie apuntando levemente hacia abajo. El tronco se queda vertical: si se inclina, baja el rango.","Stand, band at the ankles. Lift the leg to the side with the toes slightly down. Torso stays vertical: if it leans, shrink the range.","Em pé, faixa nos tornozelos. Suba a perna para o lado com o pé apontando um pouco para baixo. O tronco fica vertical: se inclinar, diminua a amplitude."
"Bajada excéntrica, rodilla flexionada",aquiles,main,,Piso plano,3×15 por lado,Bent-Knee Eccentric Calf Lower (Floor),Descida excêntrica com joelho flexionado (chão),"En piso plano, rodilla flexionada unos 30°. Sube a puntas con las dos y baja con una en tres segundos hasta que el talón toque el piso, no más abajo. La rodilla doblada lleva la carga al sóleo.","On flat ground, knee bent about 30°. Rise on both feet, lower on one in three seconds until the heel kisses the floor — no lower. The bent knee puts the load on the soleus.","No chão plano, joelho flexionado uns 30°. Suba nas pontas com as duas e desça com uma em três segundos até o calcanhar tocar o chão, sem ir além. O joelho dobrado leva a carga para o sóleo."
Círculos de cadera,activacion,main,,Sin equipo,,Standing Hip Circles,Círculos de quadril,"De pie en una pierna, rodilla levantada. Dibuja círculos amplios hacia adelante y hacia atrás. El tronco no se mueve: solo la cadera. Si te balanceas, acércate a una pared.","Stand on one leg, knee lifted. Draw large circles forward and back. The torso doesn't move — only the hip. If you wobble, stand near a wall.","Em pé numa perna, joelho levantado. Desenhe círculos amplos para frente e para trás. O tronco não se mexe: só o quadril. Se balançar, aproxime-se de uma parede."
Sentadilla a de pie con banda,activacion,main,,Minibanda,,Banded Squat-to-Stand,Agachamento ao chão com faixa,"Banda por encima de las rodillas. Agárrate las puntas de los pies, hunde la cadera y sube el pecho sin soltar. Después estira las piernas. Rodillas empujando hacia afuera todo el tiempo.","Band above the knees. Grab your toes, drop the hips and lift the chest without letting go. Then straighten the legs. Knees press out the whole time.","Faixa acima dos joelhos. Segure as pontas dos pés, afunde o quadril e suba o peito sem soltar. Depois estenda as pernas. Joelhos empurrando para fora o tempo todo."
Rotación externa con minibanda,recuperacion,variant,Rotación externa isométrica,Minibanda,,Banded External Rotation,Rotação externa com miniband,"Banda anclada a la altura del codo, codo pegado a las costillas. Rota el antebrazo hacia afuera y vuelve más lento de lo que fuiste. Rango corto y controlado.","Band anchored at elbow height, elbow pinned to the ribs. Rotate the forearm out and return slower than you went. Short, controlled range.","Faixa ancorada na altura do cotovelo, cotovelo colado nas costelas. Gire o antebraço para fora e volte mais lento do que foi. Amplitude curta e controlada."
Psoas de rodillas,activacion,main,,Sin equipo,45s,Half-Kneeling Hip Flexor Stretch,Psoas ajoelhado,"Media rodilla, pie de adelante plano. Mete la pelvis antes de avanzar la cadera. Sin eso estás estirando la lumbar, no el psoas. Aprieta el glúteo de atrás.","Half-kneeling, front foot flat. Tuck the pelvis before you shift the hip forward. Skip that and you're stretching the low back, not the psoas. Squeeze the rear glute.","Meio ajoelhado, pé da frente apoiado. Encaixe a pelve antes de avançar o quadril. Sem isso você alonga a lombar, não o psoas. Aperte o glúteo de trás."
Postura de la paloma,rodillas,main,,Sin equipo,1×2 min por lado,Pigeon Pose,Postura do pombo,"Pierna de adelante flexionada cruzada bajo el cuerpo, la de atrás estirada y alineada, no abierta al costado. Inclínate desde la cadera y respira. No forcejees. Si la rodilla molesta, eleva la cadera con una almohada.","Front shin across, back leg long and in line — not kicked out to the side. Hinge from the hip and breathe. Don't wrestle it. If the knee complains, pad the hip.","Perna da frente flexionada cruzada sob o corpo, a de trás esticada e alinhada, não aberta para o lado. Incline a partir do quadril e respire. Não force. Se o joelho incomodar, eleve o quadril com uma almofada."
"Estiramiento en pared, rodilla flexionada",aquiles,main,,Pared,1×2 min por lado,Wall Calf Stretch (Bent Knee),Alongamento na parede com joelho flexionado,"Manos en la pared, pierna de atrás atrás, talón clavado. Flexiona levemente esa rodilla sin despegar el talón. El estiramiento baja hacia el sóleo, cerca del tendón. Tronco erguido.","Hands on the wall, back leg behind you, heel pinned. Soften that knee without lifting the heel. The stretch drops into the soleus, closer to the tendon. Torso upright.","Mãos na parede, perna de trás atrás, calcanhar cravado. Flexione de leve esse joelho sem descolar o calcanhar. O alongamento desce para o sóleo, perto do tendão. Tronco ereto."
Skipping bajo,aquiles,main,,Sin equipo,3×30s,Low Skipping,Skipping baixo,"Skipping suave en el lugar o avanzando. Rebote rápido, apoyo de metatarso, sin machacar el talón. Si el tendón habla, se corta el bloque.","Easy skip in place or traveling. Quick bounce, forefoot contact, no slamming the heel. If the tendon speaks up, the block is over.","Skipping leve no lugar ou avançando. Quique rápido, apoio no antepé, sem bater o calcanhar. Se o tendão reclamar, o bloco acaba."
Dead bug con banda,activacion,main,,Minibanda,,Banded Dead Bug,Dead bug com faixa,"Boca arriba, banda por encima de las rodillas, presión hacia afuera constante. Extiende brazo y pierna contrarios sin que la banda gane y sin despegar la lumbar. Exhala al extender.","On your back, band above the knees, constant outward press. Extend opposite arm and leg without letting the band win or the low back peel up. Exhale as you reach.","De barriga para cima, faixa acima dos joelhos, pressão para fora constante. Estenda braço e perna opostos sem deixar a faixa ganhar e sem descolar a lombar. Expire ao estender."
Dead bug isométrico,core,variant,Dead bug,,,Isometric Dead Bug,Dead bug isométrico,"Boca arriba, brazos y rodillas a 90°. Empuja las manos contra las rodillas y sostén la tensión respirando normal. La lumbar no se despega.","On your back, arms and knees at 90°. Press hands into knees and hold the tension while you breathe normally. Low back stays down.","De barriga para cima, braços e joelhos a 90°. Empurre as mãos contra os joelhos e sustente a tensão respirando normal. A lombar não descola."
Fascia plantar con pelota,movilidad,variant,Arco y dedos del pie,Pelota,,Plantar Fascia Ball Roll,Fáscia plantar com bolinha,"De pie o sentado, rueda la planta sobre la pelota del talón a los dedos, lento. Cuando un punto se queje, párate ahí. Presión que puedas sostener respirando normal.","Standing or sitting, roll the sole over a ball from heel to toes, slowly. When a spot complains, park there. Pressure you can hold while breathing normally.","Em pé ou sentado, role a planta sobre a bolinha do calcanhar aos dedos, devagar. Quando um ponto reclamar, pare nele. Pressão que você consiga sustentar respirando normal."
Empeine y tibial con rodillo,movilidad,variant,Tobillos y empeine,Rodillo,,Shin and Instep Foam Roll,Peito do pé e tibial no foam roller,"En cuadrupedia, el rodillo sobre la parte de adelante de la tibia. Rueda despacio de la rodilla al tobillo. Zona sensible: menos presión de la que crees.","On all fours, roller on the front of the shin. Roll slowly from knee to ankle. Sensitive area: less pressure than you think.","Em quatro apoios, o rolo na frente da canela. Role devagar do joelho ao tornozelo. Zona sensível: menos pressão do que você imagina."
Marcha con rodilla alta y banda,activacion,main,,Minibanda,,Banded High-Knee March,Marcha com joelho alto e faixa,"Banda en los tobillos. Marcha con rodilla alta, tronco erguido. Despacio en la bajada: la banda quiere devolverte el pie al piso y ahí es donde se pierde el control.","Band at the ankles. High-knee march, torso tall. Slow on the way down: the band wants to snap the foot back to the floor, and that's where control is lost.","Faixa nos tornozelos. Marcha com joelho alto, tronco ereto. Devagar na descida: a faixa quer devolver o pé ao chão e é aí que se perde o controle."
Puente de glúteos con banda,activacion,main,,Minibanda,,Banded Glute Bridge,Ponte de glúteos com faixa,"Pies cerca de los glúteos, banda por encima de las rodillas. Sube empujando con los talones y abre las rodillas contra la banda todo el tiempo. Sostén un segundo arriba. Si las rodillas se juntan, el glúteo medio se apagó.","Feet close to the glutes, band above the knees. Drive through the heels and press the knees out against the band the whole time. Pause a second at the top. If the knees cave, glute med checked out.","Pés perto dos glúteos, faixa acima dos joelhos. Suba empurrando pelos calcanhares e abra os joelhos contra a faixa o tempo todo. Segure um segundo no alto. Se os joelhos se juntarem, o glúteo médio apagou."
Abducción de cadera en polea,rodillas,main,,Polea baja,3×12-15 por lado,Cable Hip Abduction,Abdução de quadril na polia,"Tobillera en la polea baja, de costado a la máquina. Barre la pierna hacia afuera. El tronco se queda quieto: si te inclinas al otro lado, baja el peso.","Ankle strap on the low cable, side-on to the stack. Sweep the leg out. Torso stays still: if you lean the other way, drop the weight.","Tornozeleira na polia baixa, de lado para a máquina. Varra a perna para fora. O tronco fica quieto: se inclinar para o outro lado, diminua o peso."
Rodilla al pecho,activacion,main,,Sin equipo,30s,Knee to Chest,Joelho ao peito,"Boca arriba, trae una rodilla al pecho con la otra pierna extendida en el piso. Si la pierna de abajo se despega, afloja el rango. No tires del cuello.","On your back, draw one knee to the chest, other leg long on the floor. If the bottom leg lifts, ease the range. Don't pull on the neck.","De barriga para cima, traga um joelho ao peito com a outra perna estendida no chão. Se a perna de baixo descolar, solte a amplitude. Não puxe o pescoço."
Elevación lateral de pierna,activacion,main,,Sin equipo,,Side Leg Raise,Elevação lateral de perna,"De pie o de costado, sube la pierna al lateral con el pie apuntando levemente hacia abajo. Rango medio, sin impulso. Si el tronco se inclina, bajaste el rango.","Standing or side-lying, lift the leg to the side with the toes slightly down. Mid-range, no swing. If the torso leans, you went too far.","Em pé ou de lado, suba a perna para o lado com o pé apontando um pouco para baixo. Amplitude média, sem impulso. Se o tronco inclinar, você passou do ponto."
Y-T-W con banda,recuperacion,variant,Y-T-W boca abajo,Banda larga,,Banded Y-T-W,Y-T-W com faixa,"De pie, banda al frente. Misma secuencia Y, T y W contra resistencia baja. Muchas repeticiones, poca tensión. Escápulas abajo, nunca hacia las orejas.","Stand, band in front. Same Y, T and W pattern against light resistance. High reps, low tension. Blades down, never toward the ears.","Em pé, faixa à frente. Mesma sequência Y, T e W contra resistência baixa. Muitas repetições, pouca tensão. Omoplatas para baixo, nunca em direção às orelhas."
Zancada atrás con rodilla arriba,rodillas,main,,Sin equipo,3×12 por pierna,Reverse Lunge to Knee Drive,Passada para trás com joelho alto,"Paso atrás a la zancada y, sin pausa, sube esa rodilla al pecho en un solo movimiento. La mitad del ejercicio es no tambalearte al subir. Rodilla de adelante en la línea del segundo dedo.","Step back into a lunge and, without pausing, drive that knee to the chest in one move. Half the exercise is not wobbling on the way up. Front knee tracks the second toe.","Passo atrás na passada e, sem pausa, suba esse joelho ao peito num movimento só. Metade do exercício é não balançar na subida. Joelho da frente na linha do segundo dedo."
Elevación de talón en prensa,aquiles,main,,Prensa · rango limitado,4×8-10,Leg-Press Calf Raise (Limited Range),Panturrilha no leg press (amplitude limitada),"En la prensa, tempo lento, sin dejar que el talón baje más allá de la línea del apoyo. En la inserción, el rango de más no es más estímulo: es compresión.","On the leg press, slow tempo, don't let the heel drop past the line of the platform. At the insertion, extra range isn't extra stimulus — it's compression.","No leg press, ritmo lento, sem deixar o calcanhar descer além da linha do apoio. Na inserção, amplitude a mais não é estímulo a mais: é compressão."
Peso muerto rumano,rodillas,main,,Barra o mancuernas,3×10-12,Romanian Deadlift,Levantamento terra romeno,"Barra o mancuernas. Bisagra de cadera, no sentadilla: los glúteos van hacia atrás y las rodillas casi no se mueven. Espalda larga.","Barbell or dumbbells. Hip hinge, not a squat: hips go back, knees barely move. Long spine.","Barra ou halteres. Dobradiça de quadril, não agachamento: os glúteos vão para trás e os joelhos quase não se mexem. Costas longas."
Elevación de talón en prensa,aquiles,main,,Prensa,4×8-10,Leg-Press Calf Raise,Panturrilha no leg press,"Piernas casi estiradas, sin bloquear la rodilla hacia atrás, empujando con el metatarso. Tempo lento. Con la rodilla extendida el protagonista es el gemelo.","Legs almost straight, don't lock the knees back, drive through the forefoot. Slow tempo. With the knee extended, the calf is the main actor.","Pernas quase esticadas, sem travar o joelho para trás, empurrando com o antepé. Ritmo lento. Com o joelho estendido o protagonista é a panturrilha."
Caminata de oso,recuperacion,main,,Sin equipo,60s,Bear Crawl,Caminhada do urso,"Cuadrupedia con las rodillas a un palmo del piso. Avanza y retrocede moviendo mano y pie contrarios, cadera baja, sin balancearte de lado a lado. Pasos cortos.","All fours, knees a hand-span off the floor. Forward and back, opposite hand and foot, hips low, no side-to-side sway. Short steps.","Quatro apoios com os joelhos a um palmo do chão. Avance e recue movendo mão e pé opostos, quadril baixo, sem balançar de lado a lado. Passos curtos."
Glúteo con pelota,movilidad,variant,Figura 4 boca arriba,Pelota,,Glute Ball Release,Glúteo com bolinha,"Sentado sobre la pelota, busca el punto del glúteo que se queja y quédate quieto ahí respirando, no ruedes. Cruza el tobillo sobre la rodilla para llegar más profundo.","Sit on the ball, find the glute spot that complains and stay there breathing — don't roll around. Cross the ankle over the knee to go deeper.","Sentado sobre a bolinha, ache o ponto do glúteo que reclama e fique parado ali respirando, sem rolar. Cruze o tornozelo sobre o joelho para chegar mais fundo."
Arrugar la toalla,aquiles,main,,Toalla,3×20 por lado,Towel Scrunches,Enrugar a toalha,"Sentado y descalzo, toalla en el piso. Arrúgala hacia ti solo con los dedos. Un pie fuerte se queda con parte del despegue en vez de mandárselo entero al tendón.","Sit barefoot, towel on the floor. Scrunch it toward you with the toes only. A strong foot keeps some of the push-off instead of handing it all to the tendon.","Sentado e descalço, toalha no chão. Enrugue-a na sua direção só com os dedos. Um pé forte fica com parte da impulsão em vez de mandar tudo para o tendão."
Sentadilla búlgara,rodillas,main,,Silla o sillón,3×8-12 por pierna,Bulgarian Split Squat,Agachamento búlgaro,"Pie de atrás sobre una silla, pecho arriba. La rodilla de adelante viaja sobre el segundo dedo, nunca hacia adentro. Si se mete, acorta el rango antes que la técnica.","Back foot on a chair, chest tall. Front knee tracks the second toe, never inward. If it caves, shorten the range before you shorten the standard.","Pé de trás sobre uma cadeira, peito alto. O joelho da frente viaja sobre o segundo dedo, nunca para dentro. Se entrar, encurte a amplitude antes da técnica."
Rotación externa en polea,hombro,main,,Polea baja,3×15 por brazo,Cable External Rotation,Rotação externa na polia,"Polea a la altura del codo, codo pegado, toalla entre codo y costillas. Rota hacia afuera. Peso bajo y sin tirones: aquí no se busca carga, se busca calidad.","Cable at elbow height, elbow pinned, towel between elbow and ribs. Rotate out. Light weight, no yanking: you're chasing quality, not load.","Polia na altura do cotovelo, cotovelo colado, toalha entre cotovelo e costelas. Gire para fora. Peso baixo e sem puxões: aqui não se busca carga, se busca qualidade."
Sentadilla a de pie,activacion,main,,Sin equipo,,Squat-to-Stand,Agachamento ao chão,"Agárrate las puntas de los pies, hunde la cadera y sube el pecho sin soltar. Después estira las piernas para abrir los isquios. Un ciclo por repetición, lento.","Grab your toes, drop the hips and lift the chest without letting go. Then straighten the legs to open the hamstrings. One slow cycle per rep.","Segure as pontas dos pés, afunde o quadril e suba o peito sem soltar. Depois estenda as pernas para abrir os posteriores. Um ciclo por repetição, devagar."
Mariposa,movilidad,main,,Sin equipo,60s,Butterfly Stretch,Borboleta,Plantas juntas. Inclínate desde la cadera con la espalda larga: redondear para llegar más abajo es puro engaño. Los codos pueden empujar suave las rodillas.,Soles together. Hinge from the hips with a long spine: rounding to get lower is just cheating the shape. Elbows can gently press the knees.,Plantas juntas. Incline a partir do quadril com as costas longas: arredondar para chegar mais baixo é só trapaça. Os cotovelos podem empurrar de leve os joelhos.
Aducción en polea o máquina,rodillas,main,,Polea o máquina,3×12-15 por lado,Cable or Machine Hip Adduction,Adução na polia ou máquina,"De costado a la polea o en la máquina de aductores. Cierra la pierna en rango completo, sin rebote. El tronco no se inclina para ayudar.","Side-on to the cable, or on the adductor machine. Bring the leg in through a full range, no bounce. Don't lean the torso to help.","De lado para a polia ou na máquina de adutores. Feche a perna em amplitude completa, sem quique. O tronco não se inclina para ajudar."
Escorpión boca abajo,recuperacion,main,,Sin equipo,45s,Prone Scorpion,Escorpião de bruços,"Boca abajo, brazos en cruz. Lleva un talón cruzado hacia la mano contraria dejando que la cadera rote, pecho lo más pegado al piso que puedas. Lento a la ida y a la vuelta.","Face down, arms in a T. Sweep one heel across toward the opposite hand and let the hip rotate, chest as close to the floor as you can keep it. Slow out, slow back.","De bruços, braços em cruz. Leve um calcanhar cruzado até a mão contrária deixando o quadril girar, peito o mais colado no chão que conseguir. Devagar na ida e na volta."
Cuádriceps de costado,movilidad,main,,Sin equipo,45s,Side-Lying Quad Stretch,Quadríceps de lado,"De costado, agarra el tobillo de arriba y lleva el talón al glúteo. Pelvis metida, rodilla apuntando al piso, no abierta hacia afuera. Si la lumbar se arquea, afloja el rango.","On your side, grab the top ankle and bring the heel to the glute. Pelvis tucked, knee pointing at the floor, not flared out. If the low back arches, ease off.","De lado, pegue o tornozelo de cima e leve o calcanhar ao glúteo. Pelve encaixada, joelho apontando para o chão, não aberto para fora. Se a lombar arquear, solte a amplitude."
Círculos de tobillo + elevación,activacion,main,,Sin equipo,,Ankle Circles + Calf Raise,Círculos de tornozelo + elevação,"Diez círculos en cada dirección con cada pie, después elevaciones de talón lentas. El tobillo es la primera articulación que toca el piso: si está dormido, todo lo de arriba compensa.","Ten circles each way on each foot, then slow calf raises. The ankle is the first joint that hits the ground: if it's asleep, everything above it compensates.","Dez círculos em cada direção com cada pé, depois elevações de panturrilha lentas. O tornozelo é a primeira articulação que toca o chão: se estiver dormindo, tudo acima compensa."
Remo con mancuernas en banco inclinado,hombro,main,,Banco inclinado,3×12,Chest-Supported Dumbbell Row,Remada com halteres no banco inclinado,"Boca abajo sobre el banco a 30-45°. Rema apretando el medio de la espalda, omóplatos abajo. El banco saca la lumbar de la ecuación.","Face down on a 30–45° bench. Row by squeezing mid-back, blades down. The bench takes the low back out of it.","De bruços no banco a 30–45°. Reme apertando o meio das costas, omoplatas para baixo. O banco tira a lombar da conta."
Búlgara con mancuernas,rodillas,main,,Mancuernas,3×8-10 por pierna,Dumbbell Bulgarian Split Squat,Búlgaro com halteres,"Pie de atrás elevado, mancuernas a los lados, pecho arriba. Rodilla de adelante sobre el segundo dedo. Suma peso solo cuando las repeticiones salgan sin que la rodilla se meta.","Back foot elevated, dumbbells at the sides, chest tall. Front knee over the second toe. Add load only when the reps happen without the knee caving.","Pé de trás elevado, halteres ao lado, peito alto. Joelho da frente sobre o segundo dedo. Some peso só quando as repetições saírem sem o joelho entrar."
Isquios acostado,activacion,main,,Sin equipo,45s,Supine Hamstring Stretch,Posteriores deitado,"Boca arriba, sujeta el muslo por detrás de la rodilla. Desde ahí estira la rodilla hacia el techo hasta sentir el isquio, y no más. La otra pierna queda apoyada en el piso.","On your back, hold the thigh behind the knee. From there straighten the knee toward the ceiling until you feel the hamstring — and no further. Other leg stays on the floor.","De barriga para cima, segure a coxa atrás do joelho. Dali estenda o joelho em direção ao teto até sentir o posterior, e não mais. A outra perna fica no chão."
Tríceps y dorsal por encima de la cabeza,movilidad,main,,Sin equipo,30s,Overhead Triceps and Lat Stretch,Tríceps e dorsal acima da cabeça,"Codo arriba junto a la oreja, mano entre los omóplatos. Empuja suave el codo con la otra mano. Costillas abajo: si la lumbar se arquea, ganaste rango con la espalda y no con el hombro.","Elbow up by the ear, hand between the shoulder blades. Gently press the elbow with the other hand. Ribs down: if the low back arches, you stole range from the spine, not the shoulder.","Cotovelo no alto junto da orelha, mão entre as omoplatas. Empurre de leve o cotovelo com a outra mão. Costelas para baixo: se a lombar arquear, você ganhou amplitude com as costas e não com o ombro."
Step-down excéntrico,rodillas,main,,Escalón,3×10 por pierna,Eccentric Step-Down,Step-down excêntrico,"De pie en un escalón, baja el otro pie hacia el piso en 3-4 segundos y sube rápido. La lentitud de la bajada es todo el ejercicio. Rodilla sobre el segundo dedo.","Stand on a step, lower the free foot toward the floor in 3–4 seconds and come up quickly. The slow lower is the whole exercise. Knee over the second toe.","Em pé num degrau, desça o outro pé em direção ao chão em 3–4 segundos e suba rápido. A lentidão da descida é o exercício inteiro. Joelho sobre o segundo dedo."
Plancha copenhague (modificada),rodillas,main,,Silla o sillón,3×20-30s por lado,Modified Copenhagen Plank,Prancha Copenhague (modificada),Plancha lateral con la rodilla de arriba apoyada en una silla y la pierna de abajo despegada. Cuerpo en línea. Trabaja los aductores.,Side plank with the top knee on a chair and the bottom leg off the floor. Body in a line. This loads the adductors.,Prancha lateral com o joelho de cima apoiado numa cadeira e a perna de baixo descolada. Corpo em linha. Trabalha os adutores.
Plancha lateral dinámica,recuperacion,main,,Sin equipo,45s,Dynamic Side Plank,Prancha lateral dinâmica,"Antebrazo bajo el hombro, cadera arriba, cuerpo en línea. Baja la cadera hasta rozar el piso y vuelve a subir, lento. Rodillas apoyadas si la versión larga te rompe la línea.","Forearm under the shoulder, hips up, body in a line. Lower the hip until it skims the floor and lift back up, slowly. Drop to the knees if the long-lever version breaks the line.","Antebraço sob o ombro, quadril alto, corpo em linha. Desça o quadril até roçar o chão e suba de novo, devagar. Joelhos apoiados se a versão longa quebrar a linha."
"Bajada excéntrica, rodilla flexionada",aquiles,main,,Escalón,3×15 por lado,Bent-Knee Eccentric Calf Lower (Step),Descida excêntrica com joelho flexionado (degrau),"Media planta en el borde del escalón, rodilla flexionada unos 30° todo el movimiento. Sube con las dos, baja con una en tres segundos dejando caer el talón. La rodilla doblada pasa la carga del gemelo al sóleo.","Ball of the foot on the step edge, knee bent about 30° the whole time. Rise on two, lower on one in three seconds and let the heel drop. The bent knee shifts load from calf to soleus.","Meia planta na beira do degrau, joelho flexionado uns 30° o movimento todo. Suba com as duas, desça com uma em três segundos deixando o calcanhar descer. O joelho dobrado passa a carga da panturrilha para o sóleo."
Gemelo en pared,movilidad,main,,Pared,45s,Wall Calf Stretch (Straight Knee),Panturrilha na parede,"Manos en la pared, pierna de atrás recta, talón clavado. Rodilla estirada es gemelo. Cadera adelante y tronco erguido: si te vas de espaldas, perdiste el estiramiento.","Hands on the wall, back leg straight, heel pinned. Straight knee is calf. Hip forward, torso upright: if you lean back, you lost the stretch.","Mãos na parede, perna de trás reta, calcanhar cravado. Joelho esticado é panturrilha. Quadril à frente e tronco ereto: se jogar o tronco para trás, perdeu o alongamento."
Caminata lateral en media sentadilla,recuperacion,main,,Sin equipo,60s,Lateral Walk in Half Squat,Caminhada lateral em meio agachamento,"Media sentadilla, pecho alto. Camina de lado con pasos parejos, sin juntar los pies del todo. Rodillas hacia afuera y cadera a la misma altura. Ida y vuelta.","Half squat, chest tall. Side-step with even strides, feet never fully together. Knees out, hips level. Out and back.","Meio agachamento, peito alto. Ande de lado com passos iguais, sem juntar os pés por completo. Joelhos para fora e quadril na mesma altura. Ida e volta."
Tensor y vasto externo con rodillo,movilidad,variant,Cruce de cadera externa,Rodillo,,Foam Roll: TFL and Vastus Lateralis,Foam roller: TFL e vasto lateral,"Rodillo justo debajo del hueso de la cadera por fuera, después en el lateral del muslo, arriba y adelante. Presión moderada y lenta. No ruedes la cintilla: es tendón, y se inflama.","Roller just under the outside of the hip bone, then on the outer thigh, high and forward. Moderate, slow pressure. Don't roll the IT band: that's tendon, and it inflames.","Rolo logo abaixo do osso do quadril por fora, depois na lateral da coxa, em cima e à frente. Pressão moderada e lenta. Não role a cintilha: é tendão, e inflama."
Isométrico en puntas (piso),aquiles,main,,Sin equipo,3×30-45s,Calf Isometric (Floor),Isométrico na ponta dos pés (chão),"En piso plano, sube a puntas y sostén quieto arriba. Con dolor en la inserción no queremos el talón por debajo del nivel del pie.","On flat ground, rise onto the toes and hold still at the top. With insertional pain we don't want the heel below foot level.","No chão plano, suba nas pontas e sustente quieto no alto. Com dor na inserção não queremos o calcanhar abaixo do nível do pé."
Cuello y trapecio,movilidad,main,,Sin equipo,30s,Upper Trap Stretch,Pescoço e trapézio,"Sentado, la mano del lado que estiras sujeta el asiento. Lleva la oreja al hombro contrario sin encoger el hombro. No tires con la otra mano: el peso de la cabeza alcanza.","Sit, hold the seat with the hand on the side you're stretching. Ear toward the opposite shoulder without shrugging. Don't pull with the other hand: the weight of the head is enough.","Sentado, a mão do lado que alonga segura o assento. Leve a orelha ao ombro contrário sem encolher o ombro. Não puxe com a outra mão: o peso da cabeça chega."
Esfinge suave,movilidad,main,,Sin equipo,60s,Gentle Sphinx,Esfinge suave,"Boca abajo, codos debajo de los hombros, pelvis pesada en el piso. Extensión suave y sostenida, no una cobra. Si aprieta la lumbar, adelanta los codos.","Face down, elbows under the shoulders, pelvis heavy on the floor. A gentle held extension, not a cobra. If the low back pinches, walk the elbows forward.","De bruços, cotovelos sob os ombros, pelve pesada no chão. Extensão suave e sustentada, não uma cobra. Se apertar a lombar, avance os cotovelos."
Antebrazos y muñecas,movilidad,main,,Sin equipo,30s,Forearm and Wrist Stretch,Antebraços e pulsos,"En cuadrupedia, gira la mano hasta que los dedos apunten a las rodillas y siéntate lento hacia atrás. Después apoya el dorso de la mano para el otro lado. No fuerces si pinza.","On all fours, turn the hand so the fingers point at the knees and sit back slowly. Then flip to the back of the hand for the other side. Don't force a pinch.","Em quatro apoios, gire a mão até os dedos apontarem para os joelhos e sente-se devagar para trás. Depois apoie o dorso da mão para o outro lado. Não force se pinçar."
Almeja lenta,recuperacion,main,,Sin equipo,45s,Slow Clamshell,Concha lenta,"De costado, rodillas dobladas, talones juntos. Abre la rodilla de arriba sin que la cadera se caiga hacia atrás. Pon la mano en el glúteo y siente que trabaja ahí. Lento, un segundo arriba.","On your side, knees bent, heels together. Open the top knee without the hip rolling back. Hand on the glute so you can feel it work there. Slow, one second at the top.","De lado, joelhos dobrados, calcanhares juntos. Abra o joelho de cima sem o quadril cair para trás. Mão no glúteo para sentir o trabalho ali. Devagar, um segundo no alto."
Extensión de rodilla (rango terminal),rodillas,main,,Máquina,3×15,Terminal Knee Extension,Extensão de joelho (amplitude terminal),"En la máquina, solo los últimos 30°: de rodilla apenas flexionada a estirada, peso moderado, aprieta arriba. El rango completo cizalla; este pedazo aísla el vasto interno.","On the machine, last 30° only: slightly bent to straight, moderate load, squeeze at the top. Full range shears; this sliver isolates VMO.","Na máquina, só os últimos 30°: do joelho levemente flexionado até esticado, peso moderado, aperte no alto. A amplitude completa cisalha; este pedaço isola o vasto medial."
Isquios boca arriba,movilidad,main,,Sin equipo,45s,Supine Hamstring Stretch,Posteriores de barriga para cima,"Agárrate por detrás del muslo y estira la rodilla hasta donde llegue sin que la cadera se despegue. La otra pierna apoyada. La punta del pie hacia ti solo al final, no desde el principio.","Hold behind the thigh and straighten the knee as far as it goes without the hip leaving the floor. Other leg down. Toes toward you only at the end, not from the start.","Segure atrás da coxa e estenda o joelho até onde for sem a pelve descolar. A outra perna apoiada. A ponta do pé na sua direção só no final, não desde o começo."
Isométrico en puntas (escalón),aquiles,main,,Escalón,3×30-45s,Calf Isometric (Step),Isométrico na ponta dos pés (degrau),"Dos pies en el borde del escalón, sube a puntas y sostén quieto arriba. Si arrancas por aquí, el resto de la sesión suele doler menos.","Both feet on the step edge, rise onto the toes and hold still at the top. Start here and the rest of the session usually hurts less.","Os dois pés na beira do degrau, suba nas pontas e sustente quieto no alto. Se começar por aqui, o resto da sessão costuma doer menos."
Saltos a una pierna,aquiles,main,,Sin equipo,3×10 por lado,Single-Leg Hops,Saltos unipodais,"Saltitos en el lugar sobre una pierna, aterrizando en el metatarso con la rodilla suave. Si mañana amaneces más rígido que hoy, era demasiado pronto.","Small hops in place on one leg, landing on the forefoot with a soft knee. If you wake up stiffer tomorrow than today, it was too soon.","Saltinhos no lugar numa perna só, aterrissando no antepé com o joelho suave. Se amanhã você acordar mais rígido do que hoje, foi cedo demais."
Brazada en seco,activacion,main,,Sin equipo,,Dryland Stroke,Braçada em seco,"Inclínate un poco adelante y haz el gesto de la brazada despacio, codo alto y brazo largo. Es para llegar al agua con el gesto despierto, no para corregir técnica.","Hinge slightly forward and trace the stroke slowly, high elbow, long arm. This is to arrive in the water with the pattern awake, not to rewrite technique.","Incline um pouco à frente e faça o gesto da braçada devagar, cotovelo alto e braço longo. É para chegar na água com o gesto acordado, não para corrigir técnica."
Puente de glúteos con marcha,core-corredor,main,,Sin equipo,1×20 repeticiones,Glute Bridge March,Ponte de glúteos com marcha,"Cadera arriba y fija. Despega un pie llevando la rodilla al pecho y alterna. La pelvis no cae ni rota. Si se hunde, baja el ritmo antes que el rango.","Hips up and locked. Lift one foot, knee to chest, and switch. Pelvis doesn't drop or twist. If it sinks, slow down before you shrink the range.","Quadril alto e fixo. Descole um pé levando o joelho ao peito e alterne. A pelve não cai nem gira. Se afundar, diminua o ritmo antes da amplitude."
Estocada inversa con brazos arriba,recuperacion,main,,Sin equipo,45s,Reverse Lunge with Arms Overhead,Afundo inverso com braços acima,"Paso largo hacia atrás bajando la rodilla, brazos estirados por encima de la cabeza y costillas abajo. Los brazos arriba convierten esto en trabajo de cadera y torácica a la vez.","Long step back, back knee lowering, arms straight overhead, ribs down. The overhead arms turn this into hip and mid-back work at once.","Passo longo para trás descendo o joelho, braços esticados acima da cabeça e costelas para baixo. Os braços no alto transformam isso em trabalho de quadril e torácica ao mesmo tempo."
Caminata de oruga,recuperacion,main,,Sin equipo,60s,Inchworm,Caminhada da lagarta,"De pie, pliégate hacia adelante y camina con las manos hasta plancha, sin mover los pies. Vuelve caminando las manos hacia atrás. Piernas lo más estiradas que aguanten.","Stand, fold forward and walk the hands out to a plank without moving the feet. Walk them back in. Legs as straight as they'll allow.","Em pé, dobre à frente e caminhe com as mãos até a prancha, sem mover os pés. Volte caminhando as mãos para trás. Pernas o mais esticadas que aguentarem."
Sentadilla isométrica en pared,rodillas,main,,Pared · disco opcional,3×45s,Wall Sit (Optional Plate),Isometria na parede (anilha opcional),"Espalda contra la pared, rodillas a ~90°. Empuja los talones como si quisieras arrastrarlos hacia atrás. Puedes poner un disco sobre los muslos. Si hoy la rodilla molesta, empieza por aquí.","Back to the wall, knees around 90°. Drive the heels as if dragging them backward. A plate on the thighs is optional. If the knee is cranky today, start here.","Costas na parede, joelhos a ~90°. Empurre os calcanhares como se quisesse arrastá-los para trás. Pode pôr uma anilha sobre as coxas. Se o joelho incomodar hoje, comece por aqui."
Pogos (saltitos de tobillo),aquiles,main,,Sin equipo,3×20,Ankle Pogos,Pogos (saltinhos de tornozelo),"Saltitos chicos en el lugar, solo desde el tobillo, rodilla casi fija. Contacto corto y que suene poco. No buscas altura: buscas rigidez elástica.","Small hops in place from the ankle only, knee almost locked. Short, quiet contact. You're not chasing height — you're chasing elastic stiffness.","Saltinhos pequenos no lugar, só no tornozelo, joelho quase fixo. Contato curto e que faça pouco barulho. Você não busca altura: busca rigidez elástica."
Elevación de talón sentado,aquiles,main,,Máquina · rango limitado,4×6-8,Seated Calf Raise (Limited Range),Panturrilha sentado (amplitude limitada),"Máquina sentado, pesado, 3 segundos arriba y 3 abajo. Frena cuando el talón llega a la altura del apoyo: no lo dejes caer por debajo. Ese último tramo comprime la inserción.","Seated machine, heavy, 3 seconds up and 3 down. Stop when the heel reaches platform level — don't drop below. That last bit compresses the insertion.","Máquina sentado, pesado, 3 segundos no alto e 3 na descida. Pare quando o calcanhar chegar na altura do apoio: não deixe cair abaixo. Esse último trecho comprime a inserção."
Zancada spiderman con rotación,recuperacion,main,,Sin equipo,60s,Spiderman Lunge with Rotation,Passada homem-aranha com rotação,"Desde plancha, lleva el pie por fuera de la mano del mismo lado. Baja el codo hacia el piso y desde ahí abre el brazo al techo. Varias repeticiones lentas por lado, no una sola sostenida.","From plank, step the foot outside the same-side hand. Drop the elbow toward the floor, then open the arm to the ceiling. A few slow reps per side, not one long hold.","Da prancha, leve o pé por fora da mão do mesmo lado. Desça o cotovelo em direção ao chão e dali abra o braço para o teto. Várias repetições lentas por lado, não uma só sustentada."
"Estiramiento en pared, pierna recta",aquiles,main,,Pared,1×2 min por lado,Wall Calf Stretch (Straight Leg),Alongamento na parede com perna reta,"Manos en la pared, pierna de atrás recta, talón clavado. Estira el gemelo. Mejor con el tejido caliente: estirar un aquiles frío e irritado enciende el cuadro.","Hands on the wall, back leg straight, heel pinned. Stretch the calf. Better on warm tissue: stretching a cold, irritated Achilles is the fastest way to flare it.","Mãos na parede, perna de trás reta, calcanhar cravado. Alongue a panturrilha. Melhor com o tecido quente: alongar um aquiles frio e irritado acende o quadro."
Estocada lateral en media rodilla,movilidad,main,,Sin equipo,45s,Half-Kneeling Lateral Lunge,Afundo lateral meio ajoelhado,"De rodillas, una pierna estirada al costado con el pie apoyado. Lleva la cadera atrás y hacia el lado contrario. Espalda larga. Es el aductor largo.","Kneeling, one leg straight out to the side, foot down. Sit the hip back and toward the opposite side. Long spine. You're after the long adductor.","Ajoelhado, uma perna esticada ao lado com o pé apoiado. Leve o quadril para trás e para o lado contrário. Costas longas. É o adutor longo."
CARs de tobillo,recuperacion,main,,Sin equipo,45s,Ankle CARs,CARs de tornozelo,"Sentado, pierna estirada. Dibuja el círculo más grande que puedas con la punta del pie, en las dos direcciones. Rodilla y pierna quietas. Busca el borde del rango y párate un segundo en cada punto.","Sit, leg straight. Draw the biggest circle you can with the toes, both directions. Knee and shin still. Find the edge of the range and pause a second at each point.","Sentado, perna esticada. Desenhe o círculo maior que conseguir com a ponta do pé, nos dois sentidos. Joelho e perna quietos. Busque a borda da amplitude e fique um segundo em cada ponto."
CARs de cuello,recuperacion,main,,Sin equipo,60s,Neck CARs,CARs de pescoço,"Sentado, hombros quietos. Mentón al pecho, rueda hacia un hombro, oreja atrás, y completa el círculo. Despacísimo. Si aparece mareo o hormigueo, detente.","Sit, shoulders still. Chin to chest, roll toward one shoulder, ear back, complete the circle. Very slow. If dizziness or tingling shows up, stop.","Sentado, ombros quietos. Queixo no peito, role até um ombro, orelha atrás, e complete o círculo. Bem devagar. Se aparecer tontura ou formigamento, pare."
Elevación de punta (tibial anterior),aquiles,main,,Pared de apoyo,3×20,Toe Raises (Tibialis Anterior),Elevação da ponta (tibial anterior),"De espaldas a la pared, talones un paso adelante. Sube las puntas hacia las espinillas lo más alto que puedas y baja lento. Es el antagonista del gemelo.","Back to the wall, heels a step forward. Lift the toes toward the shins as high as you can and lower slowly. That's the calf's antagonist.","De costas para a parede, calcanhares um passo à frente. Suba as pontas em direção às canelas o mais alto que puder e desça devagar. É o antagonista da panturrilha."
Sentadilla con alcance al techo,activacion,main,,Sin equipo,,Squat to Overhead Reach,Agachamento com alcance ao teto,"Baja a sentadilla y al subir estira los brazos al techo, terminando en puntas. Conecta la extensión del tobillo con la apertura del hombro.","Drop into a squat and as you stand reach the arms to the ceiling, finishing on the toes. Link ankle extension with the shoulder opening.","Desça no agachamento e ao subir estenda os braços ao teto, terminando nas pontas. Conecte a extensão do tornozelo com a abertura do ombro."
Aperturas con banda,activacion,main,,Banda larga,,Band Pull-Aparts,Aberturas com faixa,"Banda al frente, brazos estirados a la altura de los hombros. Separa las manos juntando las escápulas. Resistencia baja y muchas repeticiones.","Band in front, arms straight at shoulder height. Pull the hands apart by squeezing the shoulder blades. Light resistance, high reps.","Faixa à frente, braços esticados na altura dos ombros. Afaste as mãos juntando as omoplatas. Resistência baixa e muitas repetições."
Isquios con contracción y suelta,recuperacion,main,,Sin equipo,90s,Hamstring Contract-Relax,Posteriores com contrair e soltar,"Boca arriba, pierna al techo agarrada por detrás del muslo. Empuja el talón contra tus manos al 20% durante 5 segundos, suelta, y sube un poco más. Tres o cuatro ciclos. La pierna de abajo se queda apoyada.","On your back, leg to the ceiling, hold behind the thigh. Press the heel into your hands at 20% for 5 seconds, release, then ease the leg a little higher. Three or four cycles. Bottom leg stays down.","De barriga para cima, perna ao teto segurada atrás da coxa. Empurre o calcanhar contra as mãos a 20% por 5 segundos, solte e suba um pouco mais. Três ou quatro ciclos. A perna de baixo fica apoiada."
Plancha en tensión de streamline,activacion,main,,Sin equipo,40s,Streamline Plank,Prancha em tensão de streamline,"Plancha alta. Mete la pelvis, aprieta el abdomen y alinéate como una flecha, cabeza neutra mirando al piso. Una vez, bien hecha.","High plank. Tuck the pelvis, brace the abs and line up like an arrow, head neutral looking at the floor. Once, done well.","Prancha alta. Encaixe a pelve, aperte o abdômen e alinhe-se como uma flecha, cabeça neutra olhando o chão. Uma vez, bem feita."
Caminata en puntas con peso,aquiles,main,,Mancuernas,3×30s,Weighted Toe Walk,Caminhada na ponta dos pés com peso,"Mancuernas pesadas. Camina lento manteniéndote alto sobre el metatarso, sin que el talón baje. Entrena rigidez de tobillo bajo carga.","Heavy dumbbells. Walk slowly staying high on the forefoot, heels never dropping. You're training ankle stiffness under load.","Halteres pesados. Ande devagar mantendo-se alto no antepé, sem o calcanhar descer. Treina rigidez de tornozelo sob carga."
Excéntricas en escalón,recuperacion,variant,Elevación de talones excéntrica,Escalón,,Step Eccentric Calf Raises,Excentricas no degrau,"Media planta en el borde del escalón. Sube con dos, baja con una dejando caer el talón por debajo, tres segundos. Si ya estás en un protocolo de aquiles, cuenta estas series como parte de aquel.","Ball of the foot on the step edge. Rise on two, lower on one and let the heel drop below, three seconds. If you're already on an Achilles protocol, count these toward that volume.","Meia planta na beira do degrau. Suba com duas, desça com uma deixando o calcanhar cair abaixo, três segundos. Se já está num protocolo de aquiles, conte essas séries como parte daquele."
Remo en el marco de la puerta,hombro,main,,Marco de puerta,3×12 por brazo,Doorframe Row,Remada no batente da porta,"Agarra el marco con una mano, pies cerca, y déjate caer hacia atrás con el cuerpo derecho. Tracciona. Codo atrás pegado al cuerpo, omóplato abajo. Si sientes el cuello, el trapecio superior te ganó.","Hold the frame with one hand, feet close, lean back with a straight body and row. Elbow back by the side, shoulder blade down. If you feel the neck, the upper trap won.","Segure o batente com uma mão, pés perto, e deixe-se cair para trás com o corpo direito. Puxe. Cotovelo atrás colado ao corpo, omoplata para baixo. Se sentir o pescoço, o trapézio superior ganhou."
Rodilla a la pared,recuperacion,main,,Pared,45s,Knee-to-Wall Ankle Drill,Joelho na parede,"Pie a un palmo de la pared. Toca la pared con la rodilla sin que el talón se despegue. Si llegas fácil, aleja el pie un centímetro y vuelve a probar. Mejora con repeticiones, no con fuerza.","Foot a hand-span from the wall. Touch the wall with the knee without the heel lifting. If that's easy, scoot the foot back a centimeter and try again. This improves with reps, not force.","Pé a um palmo da parede. Toque a parede com o joelho sem o calcanhar descolar. Se chegar fácil, afaste o pé um centímetro e tente de novo. Melhora com repetições, não com força."
Pasada de banda por encima,activacion,main,,Banda larga,,Band Pass-Through,Passagem de faixa por cima,"Agarre bien ancho, brazos estirados. Pasa la banda de adelante hacia atrás por encima de la cabeza. Frena apenas se te abran las costillas o se te suban los hombros.","Very wide grip, arms straight. Pass the band from in front to behind overhead. Stop the moment the ribs flare or the shoulders shrug.","Pegada bem aberta, braços esticados. Passe a faixa da frente para trás por cima da cabeça. Pare assim que as costelas abrirem ou os ombros subirem."
Rotación externa con banda,hombro,main,,Banda elástica,3×15-20 por brazo,Band External Rotation,Rotação externa com faixa,"Banda atada a un picaporte, de costado. Codo pegado a las costillas con una toalla enrollada abajo. Gira el antebrazo hacia afuera. Si tiras con el cuerpo, la banda es demasiado dura.","Band on a doorknob, side-on. Elbow pinned to the ribs with a rolled towel in the gap. Rotate the forearm out. If you have to lean, the band is too heavy.","Faixa amarrada numa maçaneta, de lado. Cotovelo colado nas costelas com uma toalha enrolada embaixo. Gire o antebraço para fora. Se puxar com o corpo, a faixa está dura demais."
Elevación de talón sentado,aquiles,main,,Máquina,4×6-8,Seated Calf Raise,Panturrilha sentado,"Máquina sentado, pesado. 3 segundos para subir, 3 para bajar. Rodilla flexionada: trabaja el sóleo.","Seated machine, heavy. 3 seconds up, 3 down. Bent knee: soleus does the work.","Máquina sentado, pesado. 3 segundos para subir, 3 para descer. Joelho flexionado: quem trabalha é o sóleo."
Rodillo: TFL,rodillas,main,,Foam roller,1×60-90s por lado,Foam Roll: TFL,Foam roller: TFL,"El músculo arriba y adelante de la cadera, donde nace la banda iliotibial. No ruedes la cintilla en el costado del muslo: es tendón, no músculo. Rueda aquí arriba.","The muscle high and forward on the hip, where the IT band starts. Don't roll the band on the side of the thigh: that's tendon, not muscle. Roll up here.","O músculo em cima e à frente do quadril, onde nasce a banda iliotibial. Não role a cintilha na lateral da coxa: é tendão, não músculo. Role aqui em cima."
Deslizamiento neural,activacion,main,,Sin equipo,30s,Sciatic Nerve Glide,Deslizamento neural,"Boca arriba, rodilla al pecho. Extiende la pierna hacia el techo mientras llevas la punta del pie hacia ti; suelta y repite, lento. No es un estiramiento: buscas que el nervio deslice. Si tira fuerte, achica el rango.","On your back, knee to chest. Straighten the leg toward the ceiling as you pull the toes toward you; release and repeat, slowly. This is not a stretch: you want the nerve to glide. If it yanks, shrink the range.","De barriga para cima, joelho ao peito. Estenda a perna ao teto levando a ponta do pé na sua direção; solte e repita, devagar. Não é alongamento: você quer o nervo deslizar. Se puxar forte, diminua a amplitude."
Extensión torácica en cuadrupedia,movilidad,main,,Sin equipo,60s,Quadruped Thoracic Extension,Extensão torácica em quatro apoios,"De rodillas, antebrazos adelante y glúteos hacia los talones. Hunde el pecho hacia el piso dejando que se abran las axilas. Si se arquea la lumbar, acerca más los glúteos a los talones.","Kneeling, forearms forward, hips toward the heels. Drop the chest toward the floor and let the armpits open. If the low back arches, sit the hips closer to the heels.","Ajoelhado, antebraços à frente e glúteos em direção aos calcanhares. Afunde o peito no chão deixando as axilas abrirem. Se a lombar arquear, aproxime mais os glúteos dos calcanhares."
Arco y dedos del pie,movilidad,main,,Sin equipo,45s,Toe-Sit and Toe Spreads,Arco e dedos do pé,"Sentado sobre los talones con los dedos flexionados hacia adelante. Si es mucho, apóyate con las manos. Después abre y cierra los dedos.","Sit on the heels with the toes tucked under. If that's too much, take weight into the hands. Then spread and close the toes.","Sentado sobre os calcanhares com os dedos flexionados para frente. Se for demais, apoie as mãos. Depois abra e feche os dedos."
Escaneo corporal,recuperacion,main,,Sin equipo,180s,Body Scan,Varredura corporal,"Boca arriba, piernas largas, palmas arriba. Recorre el cuerpo de los pies a la cabeza, una respiración por zona, soltando lo que encuentres apretado. Mandíbula y trapecios al final.","On your back, legs long, palms up. Travel from the feet to the head, one breath per region, releasing whatever you find clenched. Jaw and upper traps last.","De barriga para cima, pernas longas, palmas para cima. Percorra o corpo dos pés à cabeça, uma respiração por zona, soltando o que achar preso. Mandíbula e trapézios no final."
Sentadilla cosaca,recuperacion,main,,Sin equipo,60s,Cossack Squat,Agachamento cossaco,"Pies bien abiertos. Baja el peso sobre una pierna dejando la otra estirada con la punta arriba. Pecho alto, talón de la pierna que baja pegado al piso. No llegues hasta abajo si la espalda se redondea.","Feet wide. Sit onto one leg, the other straight with the toes up. Chest tall, working heel down. Don't go all the way if the back rounds.","Pés bem abertos. Desça o peso sobre uma perna deixando a outra esticada com a ponta para cima. Peito alto, calcanhar da perna que desce colado no chão. Não vá até o fundo se as costas arredondarem."
"Flexión ""plus"" (protracción)",hombro,main,,Sin equipo,3×10-12,Push-Up Plus,Flexão plus (protração),"Plancha alta — o de rodillas, o contra la pared si el hombro está sensible. Flexión normal y, arriba, con los codos ya estirados, empuja el piso un poco más hasta que la espalda alta se redondee. Ese centímetro extra es el ejercicio.","High plank — or knees, or the wall if the shoulder is sensitive. Regular push-up, then at the top with elbows already straight, push the floor a little further until the upper back rounds. That extra centimeter is the exercise.","Prancha alta — ou de joelhos, ou na parede se o ombro estiver sensível. Flexão normal e, no alto, com os cotovelos já esticados, empurre o chão um pouco mais até as costas altas arredondarem. Esse centímetro a mais é o exercício."
Círculos de brazos completos,activacion,main,,Sin equipo,,Full Arm Circles,Círculos completos de braço,"De pie, abdomen firme para no arquear la lumbar. Círculos amplios hacia atrás pasando el bíceps cerca de la oreja, después hacia adelante. Lentos: esto lubrica el hombro, no es cardio.","Stand, abs braced so the low back doesn't arch. Big circles backward, biceps close to the ear, then forward. Slow: this lubricates the shoulder, it's not cardio.","Em pé, abdômen firme para não arquear a lombar. Círculos amplos para trás passando o bíceps perto da orelha, depois para frente. Devagar: isso lubrifica o ombro, não é cardio."
Cadera 90/90,recuperacion,main,,Sin equipo,60s,90/90 Hip Switch,Quadril 90/90,"Sentado, una pierna a 90° adelante y la otra a 90° al costado. Inclínate sobre la de adelante, vuelve, y pasa al otro lado levantando las rodillas sin usar las manos. Esa transición activa es el ejercicio.","Sit, one leg 90° in front, the other 90° to the side. Hinge over the front leg, come back, then switch sides by lifting the knees without using the hands. That active transition is the exercise.","Sentado, uma perna a 90° à frente e a outra a 90° ao lado. Incline sobre a da frente, volte e passe para o outro lado levantando os joelhos sem usar as mãos. Essa transição ativa é o exercício."
Flexión escapular,recuperacion,main,,Sin equipo,45s,Scapular Push-Up,Flexão escapular,"Plancha alta, codos estirados todo el tiempo. Deja caer el pecho juntando los omóplatos y después empuja el piso separándolos al máximo. El movimiento es de tres o cuatro centímetros.","High plank, elbows straight the whole time. Let the chest drop as the blades come together, then push the floor away and spread them. The movement is three or four centimeters.","Prancha alta, cotovelos esticados o tempo todo. Deixe o peito cair juntando as omoplatas e depois empurre o chão afastando-as ao máximo. O movimento tem três ou quatro centímetros."
Plancha lateral,core,main,,De costado,,Side Plank,Prancha lateral,"Codo debajo del hombro, cuerpo en línea de cabeza a pies. Empuja la cadera de abajo hacia el techo en vez de solo aguantar. Si tiembla, está bien; si la cadera se cae, corta el bloque.","Elbow under the shoulder, body in a line from head to feet. Drive the bottom hip toward the ceiling instead of just hanging out. Shaking is fine; if the hip drops, end the set.","Cotovelo sob o ombro, corpo em linha da cabeça aos pés. Empurre o quadril de baixo para o teto em vez de só aguentar. Se tremer, tudo bem; se o quadril cair, encerre o bloco."
Sóleo en pared,movilidad,main,,Pared,45s,Wall Soleus Stretch,Sóleo na parede,"Punta del pie contra la pared, talón en el piso. Lleva la rodilla hacia la pared manteniéndola flexionada. Rodilla doblada es sóleo. Si lo sientes en el vientre del gemelo, dobla más la rodilla.","Toes against the wall, heel down. Drive the knee toward the wall and keep it bent. Bent knee is soleus. If you feel it in the calf belly, bend the knee more.","Ponta do pé na parede, calcanhar no chão. Leve o joelho em direção à parede mantendo-o flexionado. Joelho dobrado é sóleo. Se sentir na barriga da panturrilha, dobre mais o joelho."
Bird dog dinámico,core-corredor,main,,Sin equipo,1×10 por lado,Dynamic Bird Dog,Bird dog dinâmico,"En cuadrupedia, extiende brazo y pierna contrarios hasta la línea del tronco y alterna sin pausas largas. Espalda plana, como un vaso de agua en la lumbar.","On all fours, reach opposite arm and leg in line with the torso and switch without long pauses. Flat back, like a glass of water on the low back.","Em quatro apoios, estenda braço e perna opostos até a linha do tronco e alterne sem pausas longas. Costas planas, como um copo d'água na lombar."
Dominada escapular,hombro,main,,Barra,3×8-12,Scapular Pull-Up,Barra escapular,"Colgado, brazos estirados. Sin flexionar los codos, junta los omóplatos hasta subir dos o tres centímetros. Sostén 2 segundos y baja.","Hang, arms straight. Without bending the elbows, pull the shoulder blades down and together until you rise two or three centimeters. Hold 2 seconds and lower.","Pendurado, braços esticados. Sem flexionar os cotovelos, junte as omoplatas até subir dois ou três centímetros. Segure 2 segundos e desça."
Piernas en la pared,movilidad,main,,Pared,120s,Legs Up the Wall,Pernas na parede,"Glúteos cerca de la pared, piernas verticales apoyadas, brazos al costado. No estás estirando: estás bajando pulsaciones. Si tira mucho de los isquios, aléjate un poco.","Hips near the wall, legs vertical against it, arms at your sides. You're not stretching: you're dropping the heart rate. If the hamstrings yank, scoot back.","Glúteos perto da parede, pernas verticais apoiadas, braços ao lado. Você não está alongando: está baixando as pulsações. Se puxar muito os posteriores, afaste um pouco."
Apertura de pecho boca abajo,movilidad,main,,Sin equipo,45s,Prone Chest Opener,Abertura de peito de bruços,"Boca abajo, un brazo en cruz a la altura del hombro. Rueda el cuerpo hacia ese lado apoyando el pie contrario. Busca el pecho, no el frente del hombro: si pinza adentro, baja el brazo unos centímetros.","Face down, one arm out in a T at shoulder height. Roll onto that side and plant the opposite foot. You're after the chest, not the front of the shoulder: if it pinches inside the joint, drop the arm a few centimeters.","De bruços, um braço em cruz na altura do ombro. Role o corpo para esse lado apoiando o pé contrário. Busque o peito, não a frente do ombro: se pinçar dentro da articulação, desça o braço alguns centímetros."
Face pull con banda,hombro,main,,Banda elástica,3×15,Band Face Pull,Face pull com faixa,"Banda a la altura de la cara. Trae las manos hacia la frente, codos atrás, y gira las manos hacia arriba hasta terminar como haciendo bíceps.","Band at face height. Pull the hands to the forehead, elbows back, and turn the hands up until you finish in a biceps-curl shape.","Faixa na altura do rosto. Traga as mãos à testa, cotovelos atrás, e gire as mãos para cima até terminar como num rosca."
Psoas con contracción y suelta,recuperacion,main,,Sin equipo,90s,Hip Flexor Contract-Relax,Psoas com contrair e soltar,"Media rodilla, pelvis metida. Empuja la rodilla de atrás contra el piso al 20% durante 5 segundos, suelta, y avanza un poco. Tres o cuatro ciclos. Ese contraer-y-soltar es lo que gana rango.","Half-kneeling, pelvis tucked. Press the back knee into the floor at 20% for 5 seconds, release, then ease the hip forward a little. Three or four cycles. That contract-relax is what actually gains range.","Meio ajoelhado, pelve encaixada. Empurre o joelho de trás contra o chão a 20% por 5 segundos, solte e avance um pouco. Três ou quatro ciclos. Esse contrair-e-soltar é o que ganha amplitude."
"Bajada excéntrica, pierna recta",aquiles,main,,Escalón,3×15 por lado,Straight-Knee Eccentric Calf Lower (Step),Descida excêntrica com perna reta (degrau),"En el escalón, sube con las dos, saca la pierna sana y baja solo con la de trabajo en 4-5 segundos, dejando el talón caer por debajo. Vuelve a apoyar la sana para subir. Nunca subas con la pierna irritada.","On the step, rise on both, take the healthy leg off and lower on the working side in 4–5 seconds, heel dropping below. Put the healthy side back to rise. Never go up on the irritated side.","No degrau, suba com as duas, tire a perna sadia e desça só com a de trabalho em 4–5 segundos, deixando o calcanhar cair abaixo. Apoie a sadia de novo para subir. Nunca suba com a perna irritada."
Rotación de cuello para respirar,activacion,main,,Sin equipo,30s,Breathing Neck Rotation,Rotação de pescoço para respirar,"Gira la cabeza como si respiraras al costado, despacio, y sostén mirando atrás. Mentón bajo, cerca del hombro. Un cuello rígido levanta la cabeza en vez de rotar.","Turn the head as if breathing to the side, slowly, and hold looking back. Chin low, close to the shoulder. A stiff neck lifts the head instead of rotating it.","Gire a cabeça como se fosse respirar de lado, devagar, e sustente olhando para trás. Queixo baixo, perto do ombro. Um pescoço rígido levanta a cabeça em vez de girar."
"Bajada excéntrica, pierna recta",aquiles,main,,Piso plano,3×15 por lado,Straight-Knee Eccentric Calf Lower (Floor),Descida excêntrica com perna reta (chão),"En el piso, no en el escalón. Sube a puntas con las dos, saca la pierna sana y baja con la de trabajo en 4-5 segundos hasta que el talón toque el piso, y ahí paras. Nunca más abajo: con dolor en la inserción ese rango aplasta el tendón contra el hueso.","On the floor, not a step. Rise on both, take the healthy side off and lower on the working side in 4–5 seconds until the heel kisses the floor — then stop. No lower: with insertional pain that extra range crushes the tendon against bone.","No chão, não no degrau. Suba nas pontas com as duas, tire a perna sadia e desça com a de trabalho em 4–5 segundos até o calcanhar tocar o chão, e aí pare. Nunca mais abaixo: com dor na inserção essa amplitude esmaga o tendão contra o osso."
CARs de hombro,recuperacion,main,,Sin equipo,60s,Shoulder CARs,CARs de ombro,"Brazo estirado: súbelo por adelante, rótalo y baja por atrás, el círculo más amplio posible. Costillas abajo, la otra mano en el esternón para sentir si el tronco se mueve.","Arm straight: lift it forward, rotate, and lower it behind you — biggest circle you can own. Ribs down, other hand on the sternum to catch any trunk cheat.","Braço esticado: suba pela frente, gire e desça por trás, o círculo mais amplo possível. Costelas para baixo, a outra mão no esterno para sentir se o tronco se mexe."
Tobillos y empeine,movilidad,main,,Sin equipo,45s,Ankle and Instep Sit,Tornozelos e peito do pé,"Sentado sobre los talones con los empeines planos en el piso. Sube apenas las rodillas para cargar el empeine. Después, círculos amplios de tobillo.",Sit on the heels with the insteps flat on the floor. Lift the knees slightly to load the top of the foot. Then big ankle circles.,"Sentado sobre os calcanhares com os peitos dos pés planos no chão. Suba um pouco os joelhos para carregar o peito do pé. Depois, círculos amplos de tornozelo."
Perro abajo a perro arriba,recuperacion,main,,Sin equipo,120s,Down Dog to Up Dog,Cachorro para baixo ao cachorro para cima,"Fluye al ritmo de la respiración: exhalas hacia perro boca abajo empujando los talones, inhalas a perro boca arriba abriendo el pecho. Sin apurar el tránsito.","Flow with the breath: exhale into downward dog, heels reaching; inhale into upward dog, chest open. Don't rush the transition.",Flua no ritmo da respiração: expire para o cachorro olhando para baixo empurrando os calcanhares; inspire para o cachorro olhando para cima abrindo o peito. Sem apressar a passagem.
Cruce de cadera externa,movilidad,main,,Sin equipo,45s,Supine Outer-Hip Cross,Cruzamento de quadril externo,"Boca arriba, lleva una rodilla cruzada al lado opuesto dejando que la pelvis rote, brazos abiertos. Buscas tensor y glúteo, por fuera de la cadera. La cintilla no se estira a golpes.","On your back, take one knee across and let the pelvis roll with it, arms open. You're after TFL and glute, on the outside of the hip. The IT band doesn't stretch by force.","De barriga para cima, leve um joelho cruzado ao lado oposto deixando a pelve girar, braços abertos. Você busca tensor e glúteo, por fora do quadril. A cintilha não alonga na força."
Plancha larga,core-ciclista,main,,Anti-extensión,1×20-30s,Long-Lever Plank,Prancha longa,"Plancha de antebrazos con los codos bastante más adelante que los hombros. Pelvis metida, costillas abajo. Busca la distancia donde aguantas el bloque sin que la lumbar se hunda.","Forearm plank with the elbows well ahead of the shoulders. Pelvis tucked, ribs down. Find the distance you can hold for the block without the low back sagging.","Prancha de antebraços com os cotovelos bem mais à frente do que os ombros. Pelve encaixada, costelas para baixo. Busque a distância em que você aguenta o bloco sem a lombar afundar."
Enrollado vertebral boca arriba,recuperacion,main,,Sin equipo,90s,Supine Segmental Bridge,Enrolar da coluna de barriga para cima,"Boca arriba, rodillas dobladas. Sube vértebra por vértebra hasta los omóplatos y baja igual de lento, de arriba hacia abajo. Lo que buscas es que la columna se articule por segmentos, no que suba alto.","On your back, knees bent. Peel up one vertebra at a time to the shoulder blades and lower just as slowly, top to bottom. You want the spine to articulate, not to get high.","De barriga para cima, joelhos dobrados. Suba vértebra por vértebra até as omoplatas e desça igualmente devagar, de cima para baixo. O que você busca é a coluna articular por segmentos, não subir alto."
Press de kettlebell invertida,hombro,main,,Kettlebell liviana,3×8 por brazo,Bottoms-Up Kettlebell Press,Desenvolvimento com kettlebell invertida,"Kettlebell al revés, pesa apuntando al techo, y presiona por arriba. Empieza ridículamente liviana: mantenerla derecha exige del manguito. Ahí se nota si el hombro ya está estable.","Kettlebell upside down, bell toward the ceiling, press overhead. Start ridiculously light: keeping it vertical asks everything of the cuff. That's where you find out if the shoulder is actually stable.","Kettlebell ao contrário, o peso apontando para o teto, e pressione acima da cabeça. Comece ridiculamente leve: mantê-la direita exige do manguito. É aí que se vê se o ombro já está estável."
Activación de transverso,recuperacion,main,,Sin equipo,60s,Transverse Abdominis Activation,Ativação do transverso,"Boca arriba, rodillas dobladas, manos por dentro de los huesos de la cadera. Inhala al abdomen; al exhalar lleva el ombligo adentro y arriba sin mover la pelvis. Deberías sentir una tensión suave bajo los dedos.","On your back, knees bent, hands inside the hip bones. Inhale into the belly; on the exhale draw the navel in and up without moving the pelvis. You should feel a gentle tension under the fingers.","De barriga para cima, joelhos dobrados, mãos por dentro dos ossos do quadril. Inspire no abdômen; ao expirar leve o umbigo para dentro e para cima sem mover a pelve. Você deve sentir uma tensão suave sob os dedos."
Sentadilla isométrica en pared,rodillas,main,,Pared,3×45s,Wall Sit,Isometria na parede,"Espalda contra la pared, rodillas a ~90°. Empuja los talones como si quisieras arrastrarlos hacia atrás y sostén. Si hoy la rodilla molesta, empieza por aquí.","Back to the wall, knees around 90°. Drive the heels as if dragging them backward and hold. If the knee is cranky today, start here.","Costas na parede, joelhos a ~90°. Empurre os calcanhares como se quisesse arrastá-los para trás e sustente. Se o joelho incomodar hoje, comece por aqui."
Guerrero I a II y Triángulo,recuperacion,main,,Sin equipo,120s,Warrior I to II to Triangle,Guerreiro I para II e Triângulo,"Guerrero I con la cadera al frente, abre a Guerrero II girando el torso, y desde ahí baja al triángulo con el brazo largo. Unas cinco respiraciones en cada una. Rodilla de adelante encima del tobillo, nunca por delante del pie.","Warrior I with the hip facing forward, open to Warrior II by turning the torso, then fold into triangle with a long arm. About five breaths in each. Front knee over the ankle, never past the toes.","Guerreiro I com o quadril à frente, abra para Guerreiro II girando o tronco e dali desça ao triângulo com o braço longo. Umas cinco respirações em cada. Joelho da frente sobre o tornozelo, nunca à frente do pé."
Plancha de oso con toques de hombro,core-ciclista,main,,Anti-rotación,1×16-20 toques,Bear Plank Shoulder Taps,Prancha de urso com toques no ombro,Cuadrupedia con las rodillas despegadas unos centímetros. Toca el hombro contrario. La cadera no bascula ni un grado.,"All fours, knees a few centimeters off the floor. Tap the opposite shoulder. Hips don't rock even a degree.",Quatro apoios com os joelhos descolados alguns centímetros. Toque o ombro contrário. O quadril não bascula nem um grau.
I-Y-T boca abajo,hombro,main,,Sin equipo,3×8 en cada posición,Prone I-Y-T,I-Y-T de bruços,"Boca abajo, frente apoyada, pulgares al techo. Despega los brazos adelante (I), en diagonal (Y) y en cruz (T). Omóplatos hacia abajo, nunca hacia las orejas. Sin peso hasta que salgan las repeticiones sin encoger el hombro.","Face down, forehead down, thumbs up. Lift the arms forward (I), on a diagonal (Y) and out to a T. Blades down, never toward the ears. No load until the reps happen without shrugging.","De bruços, testa apoiada, polegares para o teto. Descole os braços à frente (I), na diagonal (Y) e em cruz (T). Omoplatas para baixo, nunca em direção às orelhas. Sem peso até as repetições saírem sem encolher o ombro."
Dragón alado,recuperacion,main,,Sin equipo,90s,Flying Dragon (Lizard Variation),Dragão alado,"Estocada muy larga, manos por dentro del pie de adelante, rodilla de atrás en el piso. Deja que la rodilla de adelante caiga hacia afuera y baja a los antebrazos si llegas. Quédate en un 6 o 7 sobre 10. Sin rebotes.","Very long lunge, hands inside the front foot, back knee down. Let the front knee fall out and drop to the forearms if you get there. Stay at a 6 or 7 out of 10. No bouncing.","Passada bem longa, mãos por dentro do pé da frente, joelho de trás no chão. Deixe o joelho da frente cair para fora e desça aos antebraços se alcançar. Fique num 6 ou 7 de 10. Sem quiques."
Rodillo: dorsal,hombro,main,,Rodillo,1×60-90s por lado,Foam Roll: Lat,Foam roller: dorsal,"De costado, rodillo justo debajo de la axila, sobre el costado de las costillas. Cuando un punto se queje, frena y sube y baja el brazo despacio. Ese barrido despega más que seguir rodando.","On your side, roller just under the armpit on the side of the ribcage. When a spot complains, stop and slowly raise and lower the arm. That sweep peels tissue better than rolling on.","De lado, rolo logo abaixo da axila, no lado das costelas. Quando um ponto reclamar, pare e suba e desça o braço devagar. Esse vaivém descola mais do que continuar rolando."
Postura del niño con sesgo dorsal,hombro,main,,Sin equipo,1×2 min,Child's Pose with Lat Bias,Postura da criança com ênfase no dorsal,"Sentado sobre los talones, brazos adelante. Camina las dos manos bien hacia la izquierda para estirar el dorsal derecho, respira, y después hacia la derecha.","Sit on the heels, arms forward. Walk both hands well to the left to stretch the right lat, breathe, then to the right.","Sentado sobre os calcanhares, braços à frente. Caminhe as duas mãos bem para a esquerda para alongar o dorsal direito, respire, e depois para a direita."
CARs de columna,recuperacion,main,,Sin equipo,90s,Spinal CARs,CARs de coluna,"Sentado sobre los talones o en una silla. Segmento por segmento: flexión y extensión torácica, inclinación a cada lado, rotación. La cadera no se mueve: si se mueve, ya no estás moviendo la columna.","Sit on the heels or on a chair. Segment by segment: mid-back flexion and extension, side bend each way, rotation. Hips don't move: if they do, you're no longer moving the spine.","Sentado sobre os calcanhares ou numa cadeira. Segmento por segmento: flexão e extensão torácica, inclinação para cada lado, rotação. O quadril não se mexe: se mexer, você já não está movendo a coluna."
Sentadilla profunda sostenida,recuperacion,main,,Sin equipo,120s,Held Deep Squat,Agachamento profundo sustentado,"Abajo del todo, talones en el piso, codos por dentro de las rodillas empujando suave hacia afuera. Muévete adentro de la postura. Si los talones se levantan, apóyalos sobre algo.","All the way down, heels down, elbows inside the knees pressing gently out. Move around inside the pose. If the heels lift, put something under them.","Lá embaixo, calcanhares no chão, cotovelos por dentro dos joelhos empurrando de leve para fora. Mexa-se dentro da postura. Se os calcanhares subirem, apoie-os em alguma coisa."
Simulación de agarre con banda,activacion,main,,Banda larga,,Band Catch Drill,Simulação de pegada com faixa,"Banda anclada a media altura o pisada. Inclínate un poco adelante y empuja hacia los muslos con el brazo largo y el codo alto. Buscas recordar la presión, no corregir la técnica.","Band anchored at mid-height or under a foot. Hinge slightly and press toward the thighs with a long arm and high elbow. You're reminding the pressure, not rewriting technique.","Faixa ancorada na meia altura ou pisada. Incline um pouco à frente e empurre em direção às coxas com o braço longo e o cotovelo alto. Você quer lembrar a pressão, não corrigir a técnica."
Pie corto,aquiles,main,,Sin equipo,3×30s por lado,Short Foot,Pé curto,"Descalzo, pie apoyado. Acerca la base de los dedos al talón levantando el arco, sin arrugar los dedos y sin girar el tobillo. Es diminuto: cuando aparece, sientes el arco activo.","Barefoot, foot planted. Draw the ball of the foot toward the heel and lift the arch, without curling the toes or rolling the ankle. It's tiny: when you find it, the arch feels alive.","Descalço, pé apoiado. Aproxime a base dos dedos do calcanhar levantando o arco, sem enrugar os dedos e sem girar o tornozelo. É mínimo: quando aparece, você sente o arco ativo."
Deslizamiento de antebrazos en pared,hombro,main,,Pared,2×10,Wall Forearm Slides,Deslizamento de antebraços na parede,"De frente a la pared, antebrazos apoyados. Deslízalos hacia arriba y, arriba del todo, empuja la pared como si quisieras alejarte, dejando que los omóplatos se abracen a las costillas. Ese último empujón es el serrato.","Face the wall, forearms on it. Slide them up and at the top push the wall as if to move away from it, letting the blades wrap the ribcage. That last push is serratus.","De frente para a parede, antebraços apoiados. Deslize-os para cima e, no alto, empurre a parede como se quisesse se afastar, deixando as omoplatas abraçarem as costelas. Esse último empurrão é o serrátil."
Barridos 90-90 de cadera,core,main,,Sentado,,90/90 Hip Sweeps,Varreduras 90-90 de quadril,"Sentado, una pierna a 90° adelante y la otra a 90° al costado. Lleva las rodillas de un lado al otro como un limpiaparabrisas, lento. Pecho alto: si te encorvas, el movimiento sale de la lumbar. Ayúdate con las manos atrás si hace falta.","Sit, one leg 90° in front, the other 90° to the side. Sweep the knees side to side like a wiper, slowly. Chest tall: if you slump, the movement comes from the low back. Hands behind you if you need them.","Sentado, uma perna a 90° à frente e a outra a 90° ao lado. Leve os joelhos de um lado ao outro como um limpador de para-brisa, devagar. Peito alto: se curvar, o movimento sai da lombar. Apoie as mãos atrás se precisar."
Plancha alta con toque de hombro,core,main,,Boca abajo,,High Plank Shoulder Taps,Prancha alta com toque no ombro,"Plancha alta, pies bien separados. Toca el hombro contrario y vuelve. El objetivo no es tocar rápido: es que la cadera no se mueva ni un centímetro. Si baila, separa más los pies o apoya las rodillas.","High plank, feet well apart. Tap the opposite shoulder and return. The point isn't speed: the hips shouldn't move a centimeter. If they dance, widen the feet or drop the knees.","Prancha alta, pés bem separados. Toque o ombro contrário e volte. O objetivo não é tocar rápido: é o quadril não se mexer nem um centímetro. Se balançar, afaste mais os pés ou apoie os joelhos."
Plancha con alcance cruzado,core-ciclista,main,,Anti-rotación,1×10-12 alcances,Plank with Cross-Body Reach,Prancha com alcance cruzado,"Plancha alta. Estira una mano lejos y cruzada, pasando la línea de la otra mano, lento. La cadera no rota ni se hunde.","High plank. Reach one hand far and across, past the other hand's line, slowly. Hips don't rotate or sag.","Prancha alta. Estenda uma mão longe e cruzada, passando a linha da outra mão, devagar. O quadril não gira nem afunda."
CARs de cadera,recuperacion,main,,Sin equipo,60s,Hip CARs,CARs de quadril,"De pie o en cuadrupedia: rodilla al pecho, ábrela al costado, rótala atrás y baja. El círculo más grande que puedas sin que se mueva nada más que la cadera. Si el tronco compensa, achica el círculo.","Standing or on all fours: knee to chest, open it to the side, rotate it back and lower. Biggest circle you can make without anything else moving. If the torso cheats, shrink the circle.","Em pé ou em quatro apoios: joelho ao peito, abra ao lado, gire para trás e desça. O círculo maior que conseguir sem nada mais se mexer além do quadril. Se o tronco compensar, diminua o círculo."
Toques de talón (pingüinos),core,main,,Boca arriba,,Heel Taps (Penguins),Toques no calcanhar (pinguins),"Rodillas flexionadas, pies apoyados, omóplatos apenas despegados y ahí se quedan. Inclínate a un lado hasta tocar el talón, después al otro. Rango corto y rápido. Si la cabeza se apoya entre reps, el estímulo se corta.","Knees bent, feet down, shoulder blades just off the floor — and they stay there. Reach to tap one heel, then the other. Short and quick. If the head rests between reps, the stimulus cuts out.","Joelhos flexionados, pés apoiados, omoplatas só descoladas e ali ficam. Incline para um lado até tocar o calcanhar, depois o outro. Amplitude curta e rápida. Se a cabeça apoiar entre as reps, o estímulo corta."
Postura del niño a cobra,core,main,,Piso,,Child's Pose to Cobra Flow,Postura da criança à cobra,"Siéntate sobre los talones con los brazos adelante; deslízate hacia adelante dejando caer la cadera y abriendo el pecho. Ida y vuelta, respirando. Cierra quedándote en la postura del niño.","Sit back on the heels with the arms forward; slide forward, drop the hips and open the chest. Back and forth with the breath. Finish by staying in child's pose.","Sente-se sobre os calcanhares com os braços à frente; deslize para frente deixando o quadril cair e abrindo o peito. Ida e volta, respirando. Feche ficando na postura da criança."
Rotación externa acostado de costado,hombro,main,,Sin equipo,3×15-20 por brazo,Side-Lying External Rotation,Rotação externa deitado de lado,"De costado, brazo de arriba con el codo pegado a las costillas (una toalla abajo ayuda) y flexionado a 90°. Gira el antebrazo hacia el techo. Poco o nada de peso, muchas repeticiones.","On your side, top elbow pinned to the ribs (a towel helps) at 90°. Rotate the forearm toward the ceiling. Little or no weight, high reps.","De lado, braço de cima com o cotovelo colado nas costelas (uma toalha embaixo ajuda) e flexionado a 90°. Gire o antebraço para o teto. Pouco ou nenhum peso, muitas repetições."
Puente a una pierna isométrico,core-corredor,main,,Cadena posterior,1×30-40s por pierna,Isometric Single-Leg Bridge,Ponte unilateral isométrica,"Un talón cerca de los glúteos, la otra rodilla al pecho. Sube hasta alinear rodilla, cadera y hombro y quédate. Si lo sientes en la lumbar o en los isquios, mete la pelvis y baja la altura.","One heel close to the glutes, other knee hugged in. Lift until knee, hip and shoulder line up and stay there. If you feel it in the low back or hamstrings, tuck the pelvis and drop the height.","Um calcanhar perto dos glúteos, o outro joelho no peito. Suba até alinhar joelho, quadril e ombro e fique. Se sentir na lombar ou nos posteriores, encaixe a pelve e baixe a altura."
Movilidad de tobillo sin forzar,aquiles,main,,Sin equipo,1×90s por lado,Gentle Ankle Mobility,Mobilidade de tornozelo sem forçar,"Sentado, círculos amplios y lentos, después puntas hacia adelante sostenidas. Aquí no hay estiramiento de gemelo a propósito: con dolor en la inserción, la dorsiflexión máxima comprime el tendón. Movilidad sí, tironeo no.","Sit, slow big circles, then a held point. No calf stretch on purpose: with insertional pain, end-range dorsiflexion crushes the tendon. Mobility yes, yanking no.","Sentado, círculos amplos e lentos, depois pontas para frente sustentadas. Aqui não há alongamento de panturrilha de propósito: com dor na inserção, a dorsiflexão máxima comprime o tendão. Mobilidade sim, puxão não."
Postura de la rana,recuperacion,main,,Sin equipo,180s,Frog Pose,Postura da rã,"Rodillas abiertas en línea con la cadera, tobillos detrás de las rodillas, antebrazos en el piso. Baja hasta el primer punto de tensión y quédate respirando, sin buscar más. El tiempo hace el trabajo.","Knees wide in line with the hips, ankles behind the knees, forearms down. Sink to the first point of tension and stay there breathing — don't chase more. Time does the work.","Joelhos abertos na linha do quadril, tornozelos atrás dos joelhos, antebraços no chão. Desça até o primeiro ponto de tensão e fique respirando, sem buscar mais. O tempo faz o trabalho."
Paloma (pigeon),core,main,,Piso,60s,Pigeon Pose,Postura do pombo,"Pierna de adelante flexionada cruzada, la de atrás estirada y alineada, no abierta al costado. Presiona la espinilla de adelante contra el piso en vez de derrumbarte. Si la rodilla molesta, pon una almohada bajo la cadera.","Front shin across, back leg long and in line — not kicked out. Press the front shin into the floor instead of collapsing onto it. If the knee complains, pad the hip.","Perna da frente flexionada cruzada, a de trás esticada e alinhada, não aberta ao lado. Pressione a canela da frente contra o chão em vez de desabar em cima. Se o joelho incomodar, ponha uma almofada sob o quadril."
Plancha alta a perro boca abajo,core,main,,Boca abajo,,High Plank to Downward Dog,Prancha alta ao cachorro olhando para baixo,"Desde la plancha alta, empuja la cadera arriba y atrás hasta el perro boca abajo, talones al piso, y vuelve. Si los isquios están duros, flexiona un poco las rodillas: la espalda recta manda.","From high plank, push the hips up and back into downward dog, heels reaching, then return. If the hamstrings are stiff, soften the knees: the straight back wins.","Da prancha alta, empurre o quadril para cima e para trás até o cachorro olhando para baixo, calcanhares ao chão, e volte. Se os posteriores estiverem duros, dobre um pouco os joelhos: as costas retas mandam."
Zancada inversa con rotación,core-corredor,main,,Rotación · integración bípeda,1×10-12 por pierna,Reverse Lunge with Rotation,Passada inversa com rotação,"Paso atrás a zancada. Abajo, brazos al frente, rota el tronco hacia la pierna de adelante, vuelve al centro y sube. La rodilla de adelante no se mete.","Step back into a lunge. At the bottom, arms forward, rotate the torso toward the front leg, return to center and stand. Front knee doesn't cave.","Passo atrás na passada. Embaixo, braços à frente, gire o tronco para a perna da frente, volte ao centro e suba. O joelho da frente não entra."
Saludo al sol lento,recuperacion,main,,Sin equipo,240s,Slow Sun Salutation,Saudação ao sol lenta,"Secuencia lenta, un movimiento por respiración: de pie, manos arriba, pliégate, media elevación, plancha, perro boca abajo, paso adelante, y vuelve. Alterna la pierna que adelanta.","Slow sequence, one movement per breath: stand, arms up, fold, half lift, plank, downward dog, step forward, and return. Alternate which leg steps.","Sequência lenta, um movimento por respiração: em pé, mãos no alto, dobre, meia elevação, prancha, cachorro olhando para baixo, passo à frente e volte. Alterne a perna que avança."
Plancha alta con alcance al frente,core-corredor,main,,Anti-rotación,1×16-20 alcances,High Plank with Front Reach,Prancha alta com alcance à frente,"Plancha alta, pies a la anchura de los hombros. Estira un brazo hacia adelante, sostén 2 segundos y baja. Costillas abajo y cadera quieta.","High plank, feet under the shoulders. Reach one arm forward, hold 2 seconds and lower. Ribs down, hips still.","Prancha alta, pés na largura dos ombros. Estenda um braço à frente, segure 2 segundos e desça. Costelas para baixo e quadril quieto."
Respiración de cierre,movilidad,main,,Sin equipo,180s,Closing Breath,Respiração de encerramento,"Boca arriba, rodillas dobladas, una mano en el pecho y otra en el abdomen. Inhala 4 segundos por la nariz al abdomen, exhala 6 por la boca. La exhalación larga es la que baja el sistema.","On your back, knees bent, one hand on the chest and one on the belly. Inhale 4 seconds through the nose into the belly, exhale 6 through the mouth. The long exhale is what brings the system down.","De barriga para cima, joelhos dobrados, uma mão no peito e outra no abdômen. Inspire 4 segundos pelo nariz no abdômen, expire 6 pela boca. A expiração longa é a que baixa o sistema."
Dead bug con presión isométrica,core-corredor,main,,Anti-extensión,1×10-12 por lado,Dead Bug with Isometric Press,Dead bug com pressão isométrica,"Boca arriba, rodillas a 90°, palmas contra los muslos. Empuja las piernas hacia ti y resiste con las manos; sin soltar esa tensión, extiende brazo y pierna contrarios hacia el suelo sin tocarlo. La lumbar empuja el piso todo el tiempo.","On your back, knees at 90°, palms on the thighs. Press the legs toward you and fight with the hands; without dropping that tension, reach opposite arm and leg toward the floor without touching. Low back presses the floor the whole time.","De barriga para cima, joelhos a 90°, palmas contra as coxas. Empurre as pernas na sua direção e resista com as mãos; sem soltar essa tensão, estenda braço e perna opostos rumo ao chão sem tocar. A lombar empurra o chão o tempo todo."
Plancha lateral con rodilla al pecho,core-corredor,main,,Anti-flexión lateral,1×10-12 por lado,Side Plank with Knee Drive,Prancha lateral com joelho ao peito,"Antebrazo bajo el hombro, cadera arriba y en línea. Ya estable, lleva la rodilla de arriba al pecho y vuelve a extender. La cadera de abajo no baja ni un centímetro.","Forearm under the shoulder, hips up and in line. Once that's solid, drive the top knee to the chest and extend again. Bottom hip doesn't drop a centimeter.","Antebraço sob o ombro, quadril alto e em linha. Já estável, leve o joelho de cima ao peito e volte a estender. O quadril de baixo não desce nem um centímetro."
Peso muerto a una pierna,core-corredor,main,,Apoyo unipodal,1×8-10 por pierna,Single-Leg Deadlift,Levantamento terra unilateral,"De pie en una pierna, rodilla apenas flexionada. Lleva el tronco adelante y la pierna libre atrás hasta quedar en una sola línea, y vuelve sin apoyar. La cadera libre no se abre: las dos crestas ilíacas miran al piso. Si te tambaleas, acorta el rango antes que tocar el piso.","Stand on one leg, knee soft. Send the torso forward and the free leg back until they make one line, then return without tapping down. The free hip doesn't open: both hip bones face the floor. If you wobble, shorten the range before you touch down.","Em pé numa perna, joelho levemente flexionado. Leve o tronco à frente e a perna livre atrás até ficarem numa linha só, e volte sem apoiar. O quadril livre não abre: as duas cristas ilíacas olham para o chão. Se balançar, encurte a amplitude antes de tocar o chão."
